[2026-07-07 14:57:35.010] [global] [info] [service.cc:145] [user-agent=lsp-proxy sid=n/a] RX:virtual grpc::Status trunk::cli::lint::Service::Start(grpc::ServerContext *, const proto::v1::StartRequest *, grpc::ServerWriter<proto::v1::StartResponse> *)
[2026-07-07 14:57:35.043] [global] [warning] [release.cc:76] Querying ReleaseVersionService failed with message errors resolving api.trunk.io:8443: [field:hostname lookup error:address lookup failed for api.trunk.io:8443: DNS query cancelled]
[2026-07-07 14:57:35.044] [global] [warning] [release.cc:44] GitHub releases lookup failed for 'https://api.github.com/repos/trunk-io/plugins/releases' code:444 body:No such host is known
[2026-07-07 14:57:35.307] [global] [info] [grpc.cc:22] RX:virtual grpc::Status trunk::cli::UpgradeService::GetAvailableUpgrades(grpc::ServerContext *, const upgrade::proto::v1::GetAvailableUpgradesRequest *, grpc::ServerWriter<upgrade::proto::v1::GetAvailableUpgradesResponse> *)
[2026-07-07 14:57:35.344] [global] [warning] [regex.cc:19] Parse regex function failed: Input '11.9.2' did not match regex 'flyway-(?P<semver>.*)'
[2026-07-07 14:57:35.344] [global] [warning] [download.cc:231] flyway could not parse arg 'semver' from regex function '${version}=>flyway-(?P<semver>.*)' 
[2026-07-07 14:57:35.444] [global] [info] [service.cc:118] Notifications config has not changed
[2026-07-07 14:57:35.460] [global] [info] [git_source_control.cc:517] Computing merge base between 492ac7404cb3f984b7a0dc0daf15de47812871a9 and 21c6480d30042b923418b3bdbac852d5746a96b9
[2026-07-07 14:57:35.461] [global] [info] [git_source_control.cc:519] Resolved divergent commit as cbfbf7a7de1b4008a503fe80ac360b62c5043800
[2026-07-07 14:57:35.573] [global] [info] [git_source_control.cc:517] Computing merge base between 492ac7404cb3f984b7a0dc0daf15de47812871a9 and 21c6480d30042b923418b3bdbac852d5746a96b9
[2026-07-07 14:57:35.574] [global] [info] [git_source_control.cc:519] Resolved divergent commit as cbfbf7a7de1b4008a503fe80ac360b62c5043800
[2026-07-07 14:57:35.574] [global] [info] [session_context.cc:167] Making commit info with id: cbfbf7a7de1b4008a503fe80ac360b62c5043800
[2026-07-07 14:57:35.627] [global] [warning] [release.cc:142] Querying validated version from ReleaseVersionService failed with message errors resolving api.trunk.io:8443: [field:hostname lookup error:address lookup failed for api.trunk.io:8443: DNS query cancelled]
[2026-07-07 14:57:35.694] [global] [info] [linter.cc:1078] Validated version for osv-scanner not provided, or bypassed. Using fallback
[2026-07-07 14:57:35.695] [global] [info] [linter.cc:1078] Validated version for checkov not provided, or bypassed. Using fallback
[2026-07-07 14:57:35.695] [global] [info] [linter.cc:1078] Validated version for yamllint not provided, or bypassed. Using fallback
[2026-07-07 14:57:35.695] [global] [warning] [python_runtime.cc:197] Pypi lookup failed for 'yamllint' code:444
[2026-07-07 14:57:35.695] [global] [warning] [python_runtime.cc:197] Pypi lookup failed for 'checkov' code:444
[2026-07-07 14:57:35.695] [global] [info] [linter.cc:1078] Validated version for oxipng not provided, or bypassed. Using fallback
[2026-07-07 14:57:35.695] [global] [info] [linter.cc:1078] Validated version for grype not provided, or bypassed. Using fallback
[2026-07-07 14:57:35.696] [global] [info] [linter.cc:1078] Validated version for actionlint not provided, or bypassed. Using fallback
[2026-07-07 14:57:35.829] [global] [info] [service.cc:227] [user-agent=lsp-proxy sid=n/a] lint session created sid=80 with the following options:
cache_enabled: true, num_jobs: 2, session_type: 4, client_id: lsp-proxy, scope: 1
[2026-07-07 14:57:35.859] [global] [info] [service.cc:145] [user-agent=lsp-proxy sid=n/a] TX:virtual grpc::Status trunk::cli::lint::Service::Start(grpc::ServerContext *, const proto::v1::StartRequest *, grpc::ServerWriter<proto::v1::StartResponse> *) status=OK
[2026-07-07 14:57:35.860] [global] [info] [grpc.cc:22] RX:virtual grpc::Status trunk::cli::UpgradeService::GetAvailableUpgrades(grpc::ServerContext *, const upgrade::proto::v1::GetAvailableUpgradesRequest *, grpc::ServerWriter<upgrade::proto::v1::GetAvailableUpgradesResponse> *)
[2026-07-07 14:57:35.956] [global] [info] [cache.cc:934] [monitor] [pinact:lint:.github\workflows\ci.yml:HEAD] already cached, not running linter
[2026-07-07 14:57:35.961] [global] [info] [cache.cc:934] [monitor] [trufflehog:lint:.env.example:HEAD] already cached, not running linter
[2026-07-07 14:57:35.961] [global] [info] [cache.cc:934] [monitor] [trufflehog:lint:.github\workflows\NOX.code-workspace:HEAD] already cached, not running linter
[2026-07-07 14:57:35.962] [global] [info] [cache.cc:934] [monitor] [trufflehog:lint:.github\workflows\ci.yml:HEAD] already cached, not running linter
[2026-07-07 14:57:35.963] [global] [info] [cache.cc:934] [monitor] [trufflehog:lint:.vscode\c_cpp_properties.json:HEAD] already cached, not running linter
[2026-07-07 14:57:35.964] [global] [info] [cache.cc:934] [monitor] [trufflehog:lint:.vscode\launch.json:HEAD] already cached, not running linter
[2026-07-07 14:57:35.964] [global] [info] [cache.cc:934] [monitor] [trufflehog:lint:.vscode\settings.json:HEAD] already cached, not running linter
[2026-07-07 14:57:35.965] [global] [info] [cache.cc:934] [monitor] [trufflehog:lint:flutter_blueprint\lib\src\features\auth\auth_screen.dart:HEAD] already cached, not running linter
[2026-07-07 14:57:35.966] [global] [info] [cache.cc:934] [monitor] [trufflehog:lint:prototype\index.html:HEAD] already cached, not running linter
[2026-07-07 14:57:35.966] [global] [info] [cache.cc:934] [monitor] [trufflehog:lint:prototype\package-lock.json:HEAD] already cached, not running linter
[2026-07-07 14:57:35.967] [global] [info] [cache.cc:934] [monitor] [trufflehog:lint:prototype\package.json:HEAD] already cached, not running linter
[2026-07-07 14:57:35.968] [global] [info] [cache.cc:934] [monitor] [trufflehog:lint:prototype\postcss.config.js:HEAD] already cached, not running linter
[2026-07-07 14:57:35.968] [global] [info] [cache.cc:934] [monitor] [trufflehog:lint:prototype\src\App.jsx:HEAD] already cached, not running linter
[2026-07-07 14:57:35.969] [global] [info] [cache.cc:934] [monitor] [trufflehog:lint:prototype\src\index.css:HEAD] already cached, not running linter
[2026-07-07 14:57:35.970] [global] [info] [cache.cc:934] [monitor] [trufflehog:lint:prototype\src\main.jsx:HEAD] already cached, not running linter
[2026-07-07 14:57:35.970] [global] [info] [cache.cc:934] [monitor] [trufflehog:lint:prototype\tailwind.config.js:HEAD] already cached, not running linter
[2026-07-07 14:57:35.971] [global] [info] [cache.cc:934] [monitor] [trufflehog:lint:prototype\vite.config.js:HEAD] already cached, not running linter
[2026-07-07 14:57:36.081] [global] [info] [cli_upgrade.cc:85] Checking for latest trunk prod version...
[2026-07-07 14:57:36.082] [global] [info] [plugin_upgrade.cc:71] Querying latest version for plugin trunk
[2026-07-07 14:57:37.079] [global] [warning] [release.cc:76] Querying ReleaseVersionService failed with message errors resolving api.trunk.io:8443: [field:hostname lookup error:address lookup failed for api.trunk.io:8443: DNS query cancelled]
[2026-07-07 14:57:37.080] [global] [warning] [release.cc:44] GitHub releases lookup failed for 'https://api.github.com/repos/trunk-io/plugins/releases' code:444 body:No such host is known
[2026-07-07 14:57:37.435] [global] [info] [grpc.cc:22] RX:virtual grpc::Status trunk::cli::UpgradeService::GetAvailableUpgrades(grpc::ServerContext *, const upgrade::proto::v1::GetAvailableUpgradesRequest *, grpc::ServerWriter<upgrade::proto::v1::GetAvailableUpgradesResponse> *)
[2026-07-07 14:57:37.657] [global] [info] [cli_upgrade.cc:85] Checking for latest trunk prod version...
[2026-07-07 14:57:37.658] [global] [info] [plugin_upgrade.cc:71] Querying latest version for plugin trunk
[2026-07-07 14:57:37.690] [global] [error] [cli_upgrade.cc:113] Cli download error: Could not resolve host for https://trunk.io/releases/latest
[2026-07-07 14:57:37.728] [global] [warning] [release.cc:142] Querying validated version from ReleaseVersionService failed with message errors resolving api.trunk.io:8443: [field:hostname lookup error:address lookup failed for api.trunk.io:8443: DNS query cancelled]
[2026-07-07 14:57:37.787] [global] [info] [linter.cc:1078] Validated version for oxipng not provided, or bypassed. Using fallback
[2026-07-07 14:57:37.788] [global] [info] [linter.cc:1078] Validated version for checkov not provided, or bypassed. Using fallback
[2026-07-07 14:57:37.788] [global] [info] [linter.cc:1078] Validated version for actionlint not provided, or bypassed. Using fallback
[2026-07-07 14:57:37.789] [global] [warning] [python_runtime.cc:197] Pypi lookup failed for 'checkov' code:444
[2026-07-07 14:57:37.789] [global] [info] [linter.cc:1078] Validated version for markdownlint not provided, or bypassed. Using fallback
[2026-07-07 14:57:37.789] [global] [info] [linter.cc:1078] Validated version for osv-scanner not provided, or bypassed. Using fallback
[2026-07-07 14:57:37.790] [global] [warning] [resolve_binary.cc:46] is_regular_file check failed for for C:\Users\pyaip\AppData\Local\trunk\tools\node\22.16.0-12da8a4c27b144aedaf7d975e067667c/bin\npm.bat // 3:The system cannot find the path specified.
[2026-07-07 14:57:37.790] [global] [warning] [resolve_binary.cc:46] is_regular_file check failed for for C:\Users\pyaip\AppData\Local\trunk\tools\node\22.16.0-12da8a4c27b144aedaf7d975e067667c/bin\npm // 3:The system cannot find the path specified.
[2026-07-07 14:57:37.790] [global] [warning] [resolve_binary.cc:46] is_regular_file check failed for for C:\Users\pyaip\AppData\Local\trunk\tools\node\22.16.0-12da8a4c27b144aedaf7d975e067667c/bin\npm.exe // 3:The system cannot find the path specified.
[2026-07-07 14:57:48.195] [global] [error] [cli_upgrade.cc:113] Cli download error: Could not resolve host for https://trunk.io/releases/latest
[2026-07-07 14:58:56.860] [global] [info] [linter.cc:1078] Validated version for grype not provided, or bypassed. Using fallback
[2026-07-07 14:59:21.987] [global] [info] [git_source_control.cc:517] Computing merge base between 492ac7404cb3f984b7a0dc0daf15de47812871a9 and 21c6480d30042b923418b3bdbac852d5746a96b9
[2026-07-07 14:59:21.988] [global] [info] [git_source_control.cc:519] Resolved divergent commit as cbfbf7a7de1b4008a503fe80ac360b62c5043800
[2026-07-07 14:59:35.725] [global] [warning] [release.cc:76] Querying ReleaseVersionService failed with message errors resolving api.trunk.io:8443: [field:hostname lookup error:address lookup failed for api.trunk.io:8443: DNS query cancelled]
[2026-07-07 14:59:35.725] [global] [warning] [release.cc:76] Querying ReleaseVersionService failed with message errors resolving api.trunk.io:8443: [field:hostname lookup error:address lookup failed for api.trunk.io:8443: DNS query cancelled]
[2026-07-07 14:59:35.726] [global] [warning] [release.cc:44] GitHub releases lookup failed for 'https://api.github.com/repos/shssoichiro/oxipng/releases' code:444 body:No such host is known
[2026-07-07 14:59:35.726] [global] [warning] [release.cc:44] GitHub releases lookup failed for 'https://api.github.com/repos/anchore/grype/releases' code:444 body:No such host is known
[2026-07-07 14:59:35.727] [global] [info] [linter.cc:1078] Validated version for markdownlint not provided, or bypassed. Using fallback
[2026-07-07 14:59:35.728] [global] [warning] [resolve_binary.cc:46] is_regular_file check failed for for C:\Users\pyaip\AppData\Local\trunk\tools\node\22.16.0-12da8a4c27b144aedaf7d975e067667c/bin\npm.bat // 3:The system cannot find the path specified.
[2026-07-07 14:59:35.728] [global] [warning] [resolve_binary.cc:46] is_regular_file check failed for for C:\Users\pyaip\AppData\Local\trunk\tools\node\22.16.0-12da8a4c27b144aedaf7d975e067667c/bin\npm // 3:The system cannot find the path specified.
[2026-07-07 14:59:35.728] [global] [warning] [resolve_binary.cc:46] is_regular_file check failed for for C:\Users\pyaip\AppData\Local\trunk\tools\node\22.16.0-12da8a4c27b144aedaf7d975e067667c/bin\npm.exe // 3:The system cannot find the path specified.
[2026-07-07 14:59:35.728] [global] [info] [linter.cc:1078] Validated version for prettier not provided, or bypassed. Using fallback
[2026-07-07 14:59:35.729] [global] [warning] [resolve_binary.cc:46] is_regular_file check failed for for C:\Users\pyaip\AppData\Local\trunk\tools\node\22.16.0-12da8a4c27b144aedaf7d975e067667c/bin\npm.bat // 3:The system cannot find the path specified.
[2026-07-07 14:59:35.729] [global] [warning] [resolve_binary.cc:46] is_regular_file check failed for for C:\Users\pyaip\AppData\Local\trunk\tools\node\22.16.0-12da8a4c27b144aedaf7d975e067667c/bin\npm // 3:The system cannot find the path specified.
[2026-07-07 14:59:35.729] [global] [warning] [resolve_binary.cc:46] is_regular_file check failed for for C:\Users\pyaip\AppData\Local\trunk\tools\node\22.16.0-12da8a4c27b144aedaf7d975e067667c/bin\npm.exe // 3:The system cannot find the path specified.
[2026-07-07 14:59:35.740] [global] [warning] [release.cc:76] Querying ReleaseVersionService failed with message errors resolving api.trunk.io:8443: [field:hostname lookup error:address lookup failed for api.trunk.io:8443: DNS query cancelled]
[2026-07-07 14:59:35.742] [global] [warning] [release.cc:44] GitHub releases lookup failed for 'https://api.github.com/repos/google/osv-scanner/releases' code:444 body:No such host is known
[2026-07-07 14:59:35.743] [global] [info] [linter.cc:1078] Validated version for pinact not provided, or bypassed. Using fallback
[2026-07-07 14:59:35.786] [global] [warning] [release.cc:76] Querying ReleaseVersionService failed with message errors resolving api.trunk.io:8443: [field:hostname lookup error:address lookup failed for api.trunk.io:8443: DNS query cancelled]
[2026-07-07 14:59:35.787] [global] [warning] [release.cc:44] GitHub releases lookup failed for 'https://api.github.com/repos/rhysd/actionlint/releases' code:444 body:No such host is known
[2026-07-07 14:59:35.787] [global] [info] [linter.cc:1078] Validated version for trufflehog not provided, or bypassed. Using fallback
[2026-07-07 14:59:36.006] [global] [warning] [release.cc:142] Querying validated version from ReleaseVersionService failed with message errors resolving api.trunk.io:8443: [field:hostname lookup error:address lookup failed for api.trunk.io:8443: DNS query cancelled]
[2026-07-07 14:59:36.030] [global] [info] [linter.cc:1078] Validated version for osv-scanner not provided, or bypassed. Using fallback
[2026-07-07 14:59:36.033] [global] [info] [linter.cc:1078] Validated version for grype not provided, or bypassed. Using fallback
[2026-07-07 14:59:36.034] [global] [info] [linter.cc:1078] Validated version for prettier not provided, or bypassed. Using fallback
[2026-07-07 14:59:36.035] [global] [warning] [resolve_binary.cc:46] is_regular_file check failed for for C:\Users\pyaip\AppData\Local\trunk\tools\node\22.16.0-12da8a4c27b144aedaf7d975e067667c/bin\npm.bat // 3:The system cannot find the path specified.
[2026-07-07 14:59:36.035] [global] [warning] [resolve_binary.cc:46] is_regular_file check failed for for C:\Users\pyaip\AppData\Local\trunk\tools\node\22.16.0-12da8a4c27b144aedaf7d975e067667c/bin\npm // 3:The system cannot find the path specified.
[2026-07-07 14:59:36.035] [global] [warning] [resolve_binary.cc:46] is_regular_file check failed for for C:\Users\pyaip\AppData\Local\trunk\tools\node\22.16.0-12da8a4c27b144aedaf7d975e067667c/bin\npm.exe // 3:The system cannot find the path specified.
[2026-07-07 14:59:36.048] [global] [info] [linter.cc:1078] Validated version for pinact not provided, or bypassed. Using fallback
[2026-07-07 14:59:36.130] [global] [warning] [release.cc:76] Querying ReleaseVersionService failed with message errors resolving api.trunk.io:8443: [field:hostname lookup error:address lookup failed for api.trunk.io:8443: DNS query cancelled]
[2026-07-07 14:59:36.131] [global] [warning] [release.cc:44] GitHub releases lookup failed for 'https://api.github.com/repos/trunk-io/plugins/releases' code:444 body:No such host is known
[2026-07-07 14:59:36.635] [global] [warning] [release.cc:142] Querying validated version from ReleaseVersionService failed with message errors resolving api.trunk.io:8443: [field:hostname lookup error:address lookup failed for api.trunk.io:8443: DNS query cancelled]
[2026-07-07 14:59:36.726] [global] [info] [linter.cc:1078] Validated version for oxipng not provided, or bypassed. Using fallback
[2026-07-07 14:59:36.727] [global] [info] [linter.cc:1078] Validated version for actionlint not provided, or bypassed. Using fallback
[2026-07-07 14:59:36.729] [global] [info] [linter.cc:1078] Validated version for pinact not provided, or bypassed. Using fallback
[2026-07-07 14:59:36.729] [global] [info] [linter.cc:1078] Validated version for grype not provided, or bypassed. Using fallback
[2026-07-07 14:59:37.691] [global] [warning] [release.cc:76] Querying ReleaseVersionService failed with message errors resolving api.trunk.io:8443: [field:hostname lookup error:address lookup failed for api.trunk.io:8443: DNS query cancelled]
[2026-07-07 14:59:37.692] [global] [warning] [release.cc:44] GitHub releases lookup failed for 'https://api.github.com/repos/trunk-io/plugins/releases' code:444 body:No such host is known
[2026-07-07 14:59:37.811] [global] [warning] [release.cc:76] Querying ReleaseVersionService failed with message errors resolving api.trunk.io:8443: [field:hostname lookup error:address lookup failed for api.trunk.io:8443: DNS query cancelled]
[2026-07-07 14:59:37.812] [global] [warning] [release.cc:44] GitHub releases lookup failed for 'https://api.github.com/repos/shssoichiro/oxipng/releases' code:444 body:No such host is known
[2026-07-07 14:59:37.813] [global] [info] [linter.cc:1078] Validated version for trufflehog not provided, or bypassed. Using fallback
[2026-07-07 14:59:37.827] [global] [warning] [release.cc:76] Querying ReleaseVersionService failed with message errors resolving api.trunk.io:8443: [field:hostname lookup error:address lookup failed for api.trunk.io:8443: DNS query cancelled]
[2026-07-07 14:59:37.827] [global] [warning] [release.cc:76] Querying ReleaseVersionService failed with message errors resolving api.trunk.io:8443: [field:hostname lookup error:address lookup failed for api.trunk.io:8443: DNS query cancelled]
[2026-07-07 14:59:37.828] [global] [warning] [release.cc:44] GitHub releases lookup failed for 'https://api.github.com/repos/google/osv-scanner/releases' code:444 body:No such host is known
[2026-07-07 14:59:37.828] [global] [warning] [release.cc:44] GitHub releases lookup failed for 'https://api.github.com/repos/rhysd/actionlint/releases' code:444 body:No such host is known
[2026-07-07 14:59:37.829] [global] [info] [linter.cc:1078] Validated version for pinact not provided, or bypassed. Using fallback
[2026-07-07 14:59:37.830] [global] [info] [linter.cc:1078] Validated version for prettier not provided, or bypassed. Using fallback
[2026-07-07 14:59:37.831] [global] [warning] [resolve_binary.cc:46] is_regular_file check failed for for C:\Users\pyaip\AppData\Local\trunk\tools\node\22.16.0-12da8a4c27b144aedaf7d975e067667c/bin\npm.bat // 3:The system cannot find the path specified.
[2026-07-07 14:59:37.831] [global] [warning] [resolve_binary.cc:46] is_regular_file check failed for for C:\Users\pyaip\AppData\Local\trunk\tools\node\22.16.0-12da8a4c27b144aedaf7d975e067667c/bin\npm // 3:The system cannot find the path specified.
[2026-07-07 14:59:37.831] [global] [warning] [resolve_binary.cc:46] is_regular_file check failed for for C:\Users\pyaip\AppData\Local\trunk\tools\node\22.16.0-12da8a4c27b144aedaf7d975e067667c/bin\npm.exe // 3:The system cannot find the path specified.
[2026-07-07 14:59:38.106] [global] [warning] [release.cc:142] Querying validated version from ReleaseVersionService failed with message errors resolving api.trunk.io:8443: [field:hostname lookup error:address lookup failed for api.trunk.io:8443: DNS query cancelled]
[2026-07-07 14:59:38.238] [global] [info] [linter.cc:1078] Validated version for markdownlint not provided, or bypassed. Using fallback
[2026-07-07 14:59:38.238] [global] [info] [linter.cc:1078] Validated version for yamllint not provided, or bypassed. Using fallback
[2026-07-07 14:59:38.238] [global] [info] [linter.cc:1078] Validated version for grype not provided, or bypassed. Using fallback
[2026-07-07 14:59:38.238] [global] [warning] [python_runtime.cc:197] Pypi lookup failed for 'yamllint' code:444
[2026-07-07 14:59:38.239] [global] [info] [linter.cc:1078] Validated version for checkov not provided, or bypassed. Using fallback
[2026-07-07 14:59:38.239] [global] [warning] [resolve_binary.cc:46] is_regular_file check failed for for C:\Users\pyaip\AppData\Local\trunk\tools\node\22.16.0-12da8a4c27b144aedaf7d975e067667c/bin\npm.bat // 3:The system cannot find the path specified.
[2026-07-07 14:59:38.239] [global] [warning] [python_runtime.cc:197] Pypi lookup failed for 'checkov' code:444
[2026-07-07 14:59:38.239] [global] [warning] [resolve_binary.cc:46] is_regular_file check failed for for C:\Users\pyaip\AppData\Local\trunk\tools\node\22.16.0-12da8a4c27b144aedaf7d975e067667c/bin\npm // 3:The system cannot find the path specified.
[2026-07-07 14:59:38.239] [global] [warning] [resolve_binary.cc:46] is_regular_file check failed for for C:\Users\pyaip\AppData\Local\trunk\tools\node\22.16.0-12da8a4c27b144aedaf7d975e067667c/bin\npm.exe // 3:The system cannot find the path specified.
[2026-07-07 14:59:38.239] [global] [info] [linter.cc:1078] Validated version for osv-scanner not provided, or bypassed. Using fallback
[2026-07-07 14:59:38.251] [global] [info] [linter.cc:1078] Validated version for oxipng not provided, or bypassed. Using fallback
[2026-07-07 15:00:56.886] [global] [warning] [release.cc:76] Querying ReleaseVersionService failed with message errors resolving api.trunk.io:8443: [field:hostname lookup error:address lookup failed for api.trunk.io:8443: DNS query cancelled]
[2026-07-07 15:00:56.887] [global] [warning] [release.cc:44] GitHub releases lookup failed for 'https://api.github.com/repos/anchore/grype/releases' code:444 body:No such host is known
[2026-07-07 15:00:56.888] [global] [info] [linter.cc:1078] Validated version for yamllint not provided, or bypassed. Using fallback
[2026-07-07 15:00:56.888] [global] [warning] [python_runtime.cc:197] Pypi lookup failed for 'yamllint' code:444
[2026-07-07 15:01:00.834] [global] [info] [linter.cc:1078] Validated version for checkov not provided, or bypassed. Using fallback
[2026-07-07 15:01:00.834] [global] [warning] [python_runtime.cc:197] Pypi lookup failed for 'checkov' code:444
[2026-07-07 15:01:00.835] [global] [info] [linter.cc:1078] Validated version for markdownlint not provided, or bypassed. Using fallback
[2026-07-07 15:01:00.836] [global] [warning] [resolve_binary.cc:46] is_regular_file check failed for for C:\Users\pyaip\AppData\Local\trunk\tools\node\22.16.0-12da8a4c27b144aedaf7d975e067667c/bin\npm.bat // 3:The system cannot find the path specified.
[2026-07-07 15:01:00.836] [global] [warning] [resolve_binary.cc:46] is_regular_file check failed for for C:\Users\pyaip\AppData\Local\trunk\tools\node\22.16.0-12da8a4c27b144aedaf7d975e067667c/bin\npm // 3:The system cannot find the path specified.
[2026-07-07 15:01:00.836] [global] [warning] [resolve_binary.cc:46] is_regular_file check failed for for C:\Users\pyaip\AppData\Local\trunk\tools\node\22.16.0-12da8a4c27b144aedaf7d975e067667c/bin\npm.exe // 3:The system cannot find the path specified.
[2026-07-07 15:01:14.281] [global] [info] [linter.cc:1078] Validated version for actionlint not provided, or bypassed. Using fallback
[2026-07-07 15:01:35.784] [global] [warning] [release.cc:76] Querying ReleaseVersionService failed with message errors resolving api.trunk.io:8443: [field:hostname lookup error:address lookup failed for api.trunk.io:8443: DNS query cancelled]
[2026-07-07 15:01:35.786] [global] [warning] [release.cc:44] GitHub releases lookup failed for 'https://api.github.com/repos/suzuki-shunsuke/pinact/releases' code:444 body:No such host is known
[2026-07-07 15:01:35.816] [global] [warning] [release.cc:76] Querying ReleaseVersionService failed with message errors resolving api.trunk.io:8443: [field:hostname lookup error:address lookup failed for api.trunk.io:8443: DNS query cancelled]
[2026-07-07 15:01:35.817] [global] [warning] [release.cc:44] GitHub releases lookup failed for 'https://api.github.com/repos/trufflesecurity/trufflehog/releases' code:444 body:No such host is known
[2026-07-07 15:01:36.020] [global] [info] [grpc.cc:26] TX:virtual grpc::Status trunk::cli::UpgradeService::GetAvailableUpgrades(grpc::ServerContext *, const upgrade::proto::v1::GetAvailableUpgradesRequest *, grpc::ServerWriter<upgrade::proto::v1::GetAvailableUpgradesResponse> *) status=OK
[2026-07-07 15:01:36.021] [global] [info] [service.cc:256] lint session ended sid=79
[2026-07-07 15:01:36.021] [global] [info] [service.cc:258] [user-agent=lsp-proxy sid=79] RX:virtual grpc::Status trunk::cli::lint::Service::End(grpc::ServerContext *, const proto::v1::EndRequest *, proto::v1::EndResponse *)
[2026-07-07 15:01:36.025] [global] [info] [service.cc:258] [user-agent=lsp-proxy sid=79] TX:virtual grpc::Status trunk::cli::lint::Service::End(grpc::ServerContext *, const proto::v1::EndRequest *, proto::v1::EndResponse *) status=OK
[2026-07-07 15:01:36.025] [global] [info] [service.cc:325] [user-agent=lsp-proxy sid=n/a] RX:virtual grpc::Status trunk::cli::lint::Service::End(grpc::ServerContext *, const proto::v1::EndRequest *, proto::v1::EndResponse *)
[2026-07-07 15:01:36.050] [global] [warning] [release.cc:76] Querying ReleaseVersionService failed with message errors resolving api.trunk.io:8443: [field:hostname lookup error:address lookup failed for api.trunk.io:8443: DNS query cancelled]
[2026-07-07 15:01:36.051] [global] [warning] [release.cc:44] GitHub releases lookup failed for 'https://api.github.com/repos/anchore/grype/releases' code:444 body:No such host is known
[2026-07-07 15:01:36.051] [global] [info] [linter.cc:1078] Validated version for oxipng not provided, or bypassed. Using fallback
[2026-07-07 15:01:36.065] [global] [info] [service.cc:325] [user-agent=lsp-proxy sid=n/a] TX:virtual grpc::Status trunk::cli::lint::Service::End(grpc::ServerContext *, const proto::v1::EndRequest *, proto::v1::EndResponse *) status=OK
[2026-07-07 15:01:36.081] [global] [warning] [release.cc:76] Querying ReleaseVersionService failed with message errors resolving api.trunk.io:8443: [field:hostname lookup error:address lookup failed for api.trunk.io:8443: DNS query cancelled]
[2026-07-07 15:01:36.083] [global] [warning] [release.cc:44] GitHub releases lookup failed for 'https://api.github.com/repos/suzuki-shunsuke/pinact/releases' code:444 body:No such host is known
[2026-07-07 15:01:36.083] [global] [info] [linter.cc:1078] Validated version for actionlint not provided, or bypassed. Using fallback
[2026-07-07 15:01:36.088] [global] [warning] [release.cc:76] Querying ReleaseVersionService failed with message errors resolving api.trunk.io:8443: [field:hostname lookup error:address lookup failed for api.trunk.io:8443: DNS query cancelled]
[2026-07-07 15:01:36.089] [global] [warning] [release.cc:44] GitHub releases lookup failed for 'https://api.github.com/repos/google/osv-scanner/releases' code:444 body:No such host is known
[2026-07-07 15:01:36.089] [global] [info] [linter.cc:1078] Validated version for trufflehog not provided, or bypassed. Using fallback
[2026-07-07 15:01:36.749] [global] [warning] [release.cc:76] Querying ReleaseVersionService failed with message errors resolving api.trunk.io:8443: [field:hostname lookup error:address lookup failed for api.trunk.io:8443: DNS query cancelled]
[2026-07-07 15:01:36.750] [global] [warning] [release.cc:76] Querying ReleaseVersionService failed with message errors resolving api.trunk.io:8443: [field:hostname lookup error:address lookup failed for api.trunk.io:8443: DNS query cancelled]
[2026-07-07 15:01:36.750] [global] [warning] [release.cc:44] GitHub releases lookup failed for 'https://api.github.com/repos/shssoichiro/oxipng/releases' code:444 body:No such host is known
[2026-07-07 15:01:36.751] [global] [warning] [release.cc:44] GitHub releases lookup failed for 'https://api.github.com/repos/rhysd/actionlint/releases' code:444 body:No such host is known
[2026-07-07 15:01:36.751] [global] [info] [linter.cc:1078] Validated version for markdownlint not provided, or bypassed. Using fallback
[2026-07-07 15:01:36.751] [global] [info] [linter.cc:1078] Validated version for osv-scanner not provided, or bypassed. Using fallback
[2026-07-07 15:01:36.752] [global] [warning] [resolve_binary.cc:46] is_regular_file check failed for for C:\Users\pyaip\AppData\Local\trunk\tools\node\22.16.0-12da8a4c27b144aedaf7d975e067667c/bin\npm.bat // 3:The system cannot find the path specified.
[2026-07-07 15:01:36.752] [global] [warning] [resolve_binary.cc:46] is_regular_file check failed for for C:\Users\pyaip\AppData\Local\trunk\tools\node\22.16.0-12da8a4c27b144aedaf7d975e067667c/bin\npm // 3:The system cannot find the path specified.
[2026-07-07 15:01:36.752] [global] [warning] [resolve_binary.cc:46] is_regular_file check failed for for C:\Users\pyaip\AppData\Local\trunk\tools\node\22.16.0-12da8a4c27b144aedaf7d975e067667c/bin\npm.exe // 3:The system cannot find the path specified.
[2026-07-07 15:01:36.767] [global] [warning] [release.cc:76] Querying ReleaseVersionService failed with message errors resolving api.trunk.io:8443: [field:hostname lookup error:address lookup failed for api.trunk.io:8443: DNS query cancelled]
[2026-07-07 15:01:36.768] [global] [warning] [release.cc:44] GitHub releases lookup failed for 'https://api.github.com/repos/anchore/grype/releases' code:444 body:No such host is known
[2026-07-07 15:01:36.769] [global] [info] [linter.cc:1078] Validated version for checkov not provided, or bypassed. Using fallback
[2026-07-07 15:01:36.769] [global] [warning] [python_runtime.cc:197] Pypi lookup failed for 'checkov' code:444
[2026-07-07 15:01:36.769] [global] [info] [linter.cc:1078] Validated version for yamllint not provided, or bypassed. Using fallback
[2026-07-07 15:01:36.770] [global] [warning] [python_runtime.cc:197] Pypi lookup failed for 'yamllint' code:444
[2026-07-07 15:01:36.772] [global] [info] [linter.cc:1078] Validated version for prettier not provided, or bypassed. Using fallback
[2026-07-07 15:01:36.773] [global] [warning] [resolve_binary.cc:46] is_regular_file check failed for for C:\Users\pyaip\AppData\Local\trunk\tools\node\22.16.0-12da8a4c27b144aedaf7d975e067667c/bin\npm.bat // 3:The system cannot find the path specified.
[2026-07-07 15:01:36.773] [global] [warning] [resolve_binary.cc:46] is_regular_file check failed for for C:\Users\pyaip\AppData\Local\trunk\tools\node\22.16.0-12da8a4c27b144aedaf7d975e067667c/bin\npm // 3:The system cannot find the path specified.
[2026-07-07 15:01:36.773] [global] [warning] [resolve_binary.cc:46] is_regular_file check failed for for C:\Users\pyaip\AppData\Local\trunk\tools\node\22.16.0-12da8a4c27b144aedaf7d975e067667c/bin\npm.exe // 3:The system cannot find the path specified.
[2026-07-07 15:01:36.796] [global] [warning] [release.cc:76] Querying ReleaseVersionService failed with message errors resolving api.trunk.io:8443: [field:hostname lookup error:address lookup failed for api.trunk.io:8443: DNS query cancelled]
[2026-07-07 15:01:36.797] [global] [warning] [release.cc:44] GitHub releases lookup failed for 'https://api.github.com/repos/suzuki-shunsuke/pinact/releases' code:444 body:No such host is known
[2026-07-07 15:01:36.797] [global] [info] [linter.cc:1078] Validated version for trufflehog not provided, or bypassed. Using fallback
[2026-07-07 15:01:37.832] [global] [warning] [release.cc:76] Querying ReleaseVersionService failed with message errors resolving api.trunk.io:8443: [field:hostname lookup error:address lookup failed for api.trunk.io:8443: DNS query cancelled]
[2026-07-07 15:01:37.833] [global] [warning] [release.cc:44] GitHub releases lookup failed for 'https://api.github.com/repos/trufflesecurity/trufflehog/releases' code:444 body:No such host is known
[2026-07-07 15:01:37.863] [global] [warning] [release.cc:76] Querying ReleaseVersionService failed with message errors resolving api.trunk.io:8443: [field:hostname lookup error:address lookup failed for api.trunk.io:8443: DNS query cancelled]
[2026-07-07 15:01:37.864] [global] [warning] [release.cc:44] GitHub releases lookup failed for 'https://api.github.com/repos/suzuki-shunsuke/pinact/releases' code:444 body:No such host is known
[2026-07-07 15:01:38.065] [global] [info] [grpc.cc:26] TX:virtual grpc::Status trunk::cli::UpgradeService::GetAvailableUpgrades(grpc::ServerContext *, const upgrade::proto::v1::GetAvailableUpgradesRequest *, grpc::ServerWriter<upgrade::proto::v1::GetAvailableUpgradesResponse> *) status=OK
[2026-07-07 15:01:38.266] [global] [warning] [release.cc:76] Querying ReleaseVersionService failed with message errors resolving api.trunk.io:8443: [field:hostname lookup error:address lookup failed for api.trunk.io:8443: DNS query cancelled]
[2026-07-07 15:01:38.267] [global] [warning] [release.cc:44] GitHub releases lookup failed for 'https://api.github.com/repos/anchore/grype/releases' code:444 body:No such host is known
[2026-07-07 15:01:38.267] [global] [info] [linter.cc:1078] Validated version for trufflehog not provided, or bypassed. Using fallback
[2026-07-07 15:01:38.269] [global] [warning] [release.cc:76] Querying ReleaseVersionService failed with message errors resolving api.trunk.io:8443: [field:hostname lookup error:address lookup failed for api.trunk.io:8443: DNS query cancelled]
[2026-07-07 15:01:38.270] [global] [warning] [release.cc:44] GitHub releases lookup failed for 'https://api.github.com/repos/google/osv-scanner/releases' code:444 body:No such host is known
[2026-07-07 15:01:38.272] [global] [info] [linter.cc:1078] Validated version for pinact not provided, or bypassed. Using fallback
[2026-07-07 15:01:38.297] [global] [warning] [release.cc:76] Querying ReleaseVersionService failed with message errors resolving api.trunk.io:8443: [field:hostname lookup error:address lookup failed for api.trunk.io:8443: DNS query cancelled]
[2026-07-07 15:01:38.299] [global] [warning] [release.cc:44] GitHub releases lookup failed for 'https://api.github.com/repos/shssoichiro/oxipng/releases' code:444 body:No such host is known
[2026-07-07 15:01:38.301] [global] [info] [linter.cc:1078] Validated version for prettier not provided, or bypassed. Using fallback
[2026-07-07 15:01:38.302] [global] [warning] [resolve_binary.cc:46] is_regular_file check failed for for C:\Users\pyaip\AppData\Local\trunk\tools\node\22.16.0-12da8a4c27b144aedaf7d975e067667c/bin\npm.bat // 3:The system cannot find the path specified.
[2026-07-07 15:01:38.302] [global] [warning] [resolve_binary.cc:46] is_regular_file check failed for for C:\Users\pyaip\AppData\Local\trunk\tools\node\22.16.0-12da8a4c27b144aedaf7d975e067667c/bin\npm // 3:The system cannot find the path specified.
[2026-07-07 15:01:38.302] [global] [warning] [resolve_binary.cc:46] is_regular_file check failed for for C:\Users\pyaip\AppData\Local\trunk\tools\node\22.16.0-12da8a4c27b144aedaf7d975e067667c/bin\npm.exe // 3:The system cannot find the path specified.
[2026-07-07 15:02:17.960] [global] [info] [linter.cc:1078] Validated version for yamllint not provided, or bypassed. Using fallback
[2026-07-07 15:02:17.960] [global] [warning] [python_runtime.cc:197] Pypi lookup failed for 'yamllint' code:444
[2026-07-07 15:02:23.045] [global] [info] [git_source_control.cc:517] Computing merge base between 492ac7404cb3f984b7a0dc0daf15de47812871a9 and 21c6480d30042b923418b3bdbac852d5746a96b9
[2026-07-07 15:02:23.046] [global] [info] [git_source_control.cc:519] Resolved divergent commit as cbfbf7a7de1b4008a503fe80ac360b62c5043800
[2026-07-07 15:03:14.317] [global] [warning] [release.cc:76] Querying ReleaseVersionService failed with message errors resolving api.trunk.io:8443: [field:hostname lookup error:address lookup failed for api.trunk.io:8443: DNS query cancelled]
[2026-07-07 15:03:14.319] [global] [warning] [release.cc:44] GitHub releases lookup failed for 'https://api.github.com/repos/rhysd/actionlint/releases' code:444 body:No such host is known
[2026-07-07 15:03:36.078] [global] [warning] [release.cc:76] Querying ReleaseVersionService failed with message errors resolving api.trunk.io:8443: [field:hostname lookup error:address lookup failed for api.trunk.io:8443: DNS query cancelled]
[2026-07-07 15:03:36.127] [global] [warning] [release.cc:76] Querying ReleaseVersionService failed with message errors resolving api.trunk.io:8443: [field:hostname lookup error:address lookup failed for api.trunk.io:8443: DNS query cancelled]
[2026-07-07 15:03:36.127] [global] [warning] [release.cc:76] Querying ReleaseVersionService failed with message errors resolving api.trunk.io:8443: [field:hostname lookup error:address lookup failed for api.trunk.io:8443: DNS query cancelled]
[2026-07-07 15:03:36.779] [global] [warning] [release.cc:76] Querying ReleaseVersionService failed with message errors resolving api.trunk.io:8443: [field:hostname lookup error:address lookup failed for api.trunk.io:8443: DNS query cancelled]
[2026-07-07 15:03:36.825] [global] [warning] [release.cc:76] Querying ReleaseVersionService failed with message errors resolving api.trunk.io:8443: [field:hostname lookup error:address lookup failed for api.trunk.io:8443: DNS query cancelled]
[2026-07-07 15:03:38.285] [global] [warning] [release.cc:76] Querying ReleaseVersionService failed with message errors resolving api.trunk.io:8443: [field:hostname lookup error:address lookup failed for api.trunk.io:8443: DNS query cancelled]
[2026-07-07 15:03:38.300] [global] [warning] [release.cc:76] Querying ReleaseVersionService failed with message errors resolving api.trunk.io:8443: [field:hostname lookup error:address lookup failed for api.trunk.io:8443: DNS query cancelled]
[2026-07-07 15:03:48.124] [global] [warning] [release.cc:44] GitHub releases lookup failed for 'https://api.github.com/repos/trufflesecurity/trufflehog/releases' code:444 body:No such host is known
[2026-07-07 15:03:48.124] [global] [warning] [release.cc:44] GitHub releases lookup failed for 'https://api.github.com/repos/rhysd/actionlint/releases' code:444 body:No such host is known
[2026-07-07 15:03:48.124] [global] [warning] [release.cc:44] GitHub releases lookup failed for 'https://api.github.com/repos/trufflesecurity/trufflehog/releases' code:444 body:No such host is known
[2026-07-07 15:03:48.124] [global] [warning] [release.cc:44] GitHub releases lookup failed for 'https://api.github.com/repos/google/osv-scanner/releases' code:444 body:No such host is known
[2026-07-07 15:03:48.124] [global] [warning] [release.cc:44] GitHub releases lookup failed for 'https://api.github.com/repos/trufflesecurity/trufflehog/releases' code:444 body:No such host is known
[2026-07-07 15:03:48.127] [global] [warning] [release.cc:44] GitHub releases lookup failed for 'https://api.github.com/repos/shssoichiro/oxipng/releases' code:444 body:No such host is known
[2026-07-07 15:03:48.127] [global] [warning] [release.cc:44] GitHub releases lookup failed for 'https://api.github.com/repos/suzuki-shunsuke/pinact/releases' code:444 body:No such host is known
[2026-07-07 15:03:48.341] [global] [info] [grpc.cc:26] TX:virtual grpc::Status trunk::cli::UpgradeService::GetAvailableUpgrades(grpc::ServerContext *, const upgrade::proto::v1::GetAvailableUpgradesRequest *, grpc::ServerWriter<upgrade::proto::v1::GetAvailableUpgradesResponse> *) status=OK
[2026-07-07 15:03:48.341] [global] [info] [grpc.cc:26] TX:virtual grpc::Status trunk::cli::UpgradeService::GetAvailableUpgrades(grpc::ServerContext *, const upgrade::proto::v1::GetAvailableUpgradesRequest *, grpc::ServerWriter<upgrade::proto::v1::GetAvailableUpgradesResponse> *) status=OK
[2026-07-07 15:03:48.341] [global] [info] [service.cc:256] lint session ended sid=80
[2026-07-07 15:03:48.341] [global] [info] [service.cc:258] [user-agent=lsp-proxy sid=80] RX:virtual grpc::Status trunk::cli::lint::Service::End(grpc::ServerContext *, const proto::v1::EndRequest *, proto::v1::EndResponse *)
[2026-07-07 15:03:48.342] [global] [info] [grpc.cc:26] TX:virtual grpc::Status trunk::cli::UpgradeService::GetAvailableUpgrades(grpc::ServerContext *, const upgrade::proto::v1::GetAvailableUpgradesRequest *, grpc::ServerWriter<upgrade::proto::v1::GetAvailableUpgradesResponse> *) status=OK
[2026-07-07 15:03:48.345] [global] [info] [service.cc:258] [user-agent=lsp-proxy sid=80] TX:virtual grpc::Status trunk::cli::lint::Service::End(grpc::ServerContext *, const proto::v1::EndRequest *, proto::v1::EndResponse *) status=OK
[2026-07-07 15:03:48.345] [global] [info] [service.cc:325] [user-agent=lsp-proxy sid=n/a] RX:virtual grpc::Status trunk::cli::lint::Service::End(grpc::ServerContext *, const proto::v1::EndRequest *, proto::v1::EndResponse *)
[2026-07-07 15:03:48.372] [global] [info] [grpc.cc:22] RX:virtual grpc::Status trunk::cli::UpgradeService::ApplySpecifiedUpgrades(grpc::ServerContext *, const upgrade::proto::v1::ApplySpecifiedUpgradesRequest *, upgrade::proto::v1::ApplySpecifiedUpgradesResponse *)
[2026-07-07 15:03:48.379] [global] [info] [service.cc:225] Applying upgrade changes to trunk.yaml
[2026-07-07 15:03:48.381] [global] [info] [linter_upgrade.cc:345] Detected 0 configs to write
[2026-07-07 15:03:48.381] [global] [info] [grpc.cc:26] TX:virtual grpc::Status trunk::cli::UpgradeService::ApplySpecifiedUpgrades(grpc::ServerContext *, const upgrade::proto::v1::ApplySpecifiedUpgradesRequest *, upgrade::proto::v1::ApplySpecifiedUpgradesResponse *) status=OK
[2026-07-07 15:03:48.392] [global] [info] [service.cc:325] [user-agent=lsp-proxy sid=n/a] TX:virtual grpc::Status trunk::cli::lint::Service::End(grpc::ServerContext *, const proto::v1::EndRequest *, proto::v1::EndResponse *) status=OK
[2026-07-07 15:03:48.576] [global] [info] [service.cc:145] [user-agent=lsp-proxy sid=n/a] RX:virtual grpc::Status trunk::cli::lint::Service::Start(grpc::ServerContext *, const proto::v1::StartRequest *, grpc::ServerWriter<proto::v1::StartResponse> *)
[2026-07-07 15:03:49.038] [global] [warning] [regex.cc:19] Parse regex function failed: Input '11.9.2' did not match regex 'flyway-(?P<semver>.*)'
[2026-07-07 15:03:49.038] [global] [warning] [download.cc:231] flyway could not parse arg 'semver' from regex function '${version}=>flyway-(?P<semver>.*)' 
[2026-07-07 15:03:49.603] [global] [warning] [regex.cc:19] Parse regex function failed: Input '11.9.2' did not match regex 'flyway-(?P<semver>.*)'
[2026-07-07 15:03:49.604] [global] [warning] [download.cc:231] flyway could not parse arg 'semver' from regex function '${version}=>flyway-(?P<semver>.*)' 
[2026-07-07 15:03:49.739] [global] [info] [service.cc:118] Notifications config has not changed
[2026-07-07 15:03:49.753] [global] [info] [git_source_control.cc:517] Computing merge base between 492ac7404cb3f984b7a0dc0daf15de47812871a9 and 21c6480d30042b923418b3bdbac852d5746a96b9
[2026-07-07 15:03:49.768] [global] [info] [git_source_control.cc:519] Resolved divergent commit as cbfbf7a7de1b4008a503fe80ac360b62c5043800
[2026-07-07 15:03:49.965] [global] [info] [git_source_control.cc:517] Computing merge base between 492ac7404cb3f984b7a0dc0daf15de47812871a9 and 21c6480d30042b923418b3bdbac852d5746a96b9
[2026-07-07 15:03:49.966] [global] [info] [git_source_control.cc:519] Resolved divergent commit as cbfbf7a7de1b4008a503fe80ac360b62c5043800
[2026-07-07 15:03:49.966] [global] [info] [session_context.cc:167] Making commit info with id: cbfbf7a7de1b4008a503fe80ac360b62c5043800
[2026-07-07 15:03:50.227] [global] [info] [service.cc:227] [user-agent=lsp-proxy sid=n/a] lint session created sid=81 with the following options:
cache_enabled: true, num_jobs: 2, session_type: 4, client_id: lsp-proxy, scope: 1
[2026-07-07 15:03:50.318] [global] [info] [service.cc:118] Notifications config has not changed
[2026-07-07 15:03:50.327] [global] [info] [cache.cc:934] [monitor] [pinact:lint:.github\workflows\ci.yml:HEAD] already cached, not running linter
[2026-07-07 15:03:50.335] [global] [info] [cache.cc:934] [monitor] [trufflehog:lint:.env.example:HEAD] already cached, not running linter
[2026-07-07 15:03:50.336] [global] [info] [cache.cc:934] [monitor] [trufflehog:lint:.github\workflows\NOX.code-workspace:HEAD] already cached, not running linter
[2026-07-07 15:03:50.337] [global] [info] [cache.cc:934] [monitor] [trufflehog:lint:.github\workflows\ci.yml:HEAD] already cached, not running linter
[2026-07-07 15:03:50.338] [global] [info] [cache.cc:934] [monitor] [trufflehog:lint:.vscode\c_cpp_properties.json:HEAD] already cached, not running linter
[2026-07-07 15:03:50.338] [global] [info] [cache.cc:934] [monitor] [trufflehog:lint:.vscode\launch.json:HEAD] already cached, not running linter
[2026-07-07 15:03:50.339] [global] [info] [cache.cc:934] [monitor] [trufflehog:lint:.vscode\settings.json:HEAD] already cached, not running linter
[2026-07-07 15:03:50.340] [global] [info] [cache.cc:934] [monitor] [trufflehog:lint:flutter_blueprint\lib\src\features\auth\auth_screen.dart:HEAD] already cached, not running linter
[2026-07-07 15:03:50.341] [global] [info] [cache.cc:934] [monitor] [trufflehog:lint:prototype\index.html:HEAD] already cached, not running linter
[2026-07-07 15:03:50.341] [global] [info] [cache.cc:934] [monitor] [trufflehog:lint:prototype\package-lock.json:HEAD] already cached, not running linter
[2026-07-07 15:03:50.342] [global] [info] [cache.cc:934] [monitor] [trufflehog:lint:prototype\package.json:HEAD] already cached, not running linter
[2026-07-07 15:03:50.343] [global] [info] [cache.cc:934] [monitor] [trufflehog:lint:prototype\postcss.config.js:HEAD] already cached, not running linter
[2026-07-07 15:03:50.343] [global] [info] [cache.cc:934] [monitor] [trufflehog:lint:prototype\src\App.jsx:HEAD] already cached, not running linter
[2026-07-07 15:03:50.344] [global] [info] [cache.cc:934] [monitor] [trufflehog:lint:prototype\src\index.css:HEAD] already cached, not running linter
[2026-07-07 15:03:50.345] [global] [info] [cache.cc:934] [monitor] [trufflehog:lint:prototype\src\main.jsx:HEAD] already cached, not running linter
[2026-07-07 15:03:50.345] [global] [info] [cache.cc:934] [monitor] [trufflehog:lint:prototype\tailwind.config.js:HEAD] already cached, not running linter
[2026-07-07 15:03:50.346] [global] [info] [cache.cc:934] [monitor] [trufflehog:lint:prototype\vite.config.js:HEAD] already cached, not running linter
[2026-07-07 15:03:50.366] [global] [info] [git_source_control.cc:517] Computing merge base between 492ac7404cb3f984b7a0dc0daf15de47812871a9 and 21c6480d30042b923418b3bdbac852d5746a96b9
[2026-07-07 15:03:50.367] [global] [info] [git_source_control.cc:519] Resolved divergent commit as cbfbf7a7de1b4008a503fe80ac360b62c5043800
[2026-07-07 15:03:50.449] [global] [info] [service.cc:145] [user-agent=lsp-proxy sid=n/a] TX:virtual grpc::Status trunk::cli::lint::Service::Start(grpc::ServerContext *, const proto::v1::StartRequest *, grpc::ServerWriter<proto::v1::StartResponse> *) status=OK
[2026-07-07 15:03:50.450] [global] [info] [grpc.cc:22] RX:virtual grpc::Status trunk::cli::UpgradeService::GetAvailableUpgrades(grpc::ServerContext *, const upgrade::proto::v1::GetAvailableUpgradesRequest *, grpc::ServerWriter<upgrade::proto::v1::GetAvailableUpgradesResponse> *)
[2026-07-07 15:03:50.672] [global] [info] [cli_upgrade.cc:85] Checking for latest trunk prod version...
[2026-07-07 15:03:50.674] [global] [info] [plugin_upgrade.cc:71] Querying latest version for plugin trunk
[2026-07-07 15:03:50.726] [global] [error] [cli_upgrade.cc:113] Cli download error: Could not resolve host for https://trunk.io/releases/latest
[2026-07-07 15:03:50.804] [global] [info] [cache.cc:934] [monitor] [trufflehog:lint:.env.example:HEAD] already cached, not running linter
[2026-07-07 15:03:50.804] [global] [info] [cache.cc:934] [monitor] [trufflehog:lint:.github\workflows\NOX.code-workspace:HEAD] already cached, not running linter
[2026-07-07 15:03:50.805] [global] [info] [cache.cc:934] [monitor] [trufflehog:lint:.github\workflows\ci.yml:HEAD] already cached, not running linter
[2026-07-07 15:03:50.806] [global] [info] [cache.cc:934] [monitor] [trufflehog:lint:.vscode\c_cpp_properties.json:HEAD] already cached, not running linter
[2026-07-07 15:03:50.806] [global] [info] [cache.cc:934] [monitor] [trufflehog:lint:.vscode\launch.json:HEAD] already cached, not running linter
[2026-07-07 15:03:50.807] [global] [info] [cache.cc:934] [monitor] [trufflehog:lint:.vscode\settings.json:HEAD] already cached, not running linter
[2026-07-07 15:03:50.807] [global] [info] [cache.cc:934] [monitor] [trufflehog:lint:flutter_blueprint\lib\src\features\auth\auth_screen.dart:HEAD] already cached, not running linter
[2026-07-07 15:03:50.808] [global] [info] [cache.cc:934] [monitor] [trufflehog:lint:prototype\index.html:HEAD] already cached, not running linter
[2026-07-07 15:03:50.809] [global] [info] [cache.cc:934] [monitor] [trufflehog:lint:prototype\package-lock.json:HEAD] already cached, not running linter
[2026-07-07 15:03:50.809] [global] [info] [cache.cc:934] [monitor] [trufflehog:lint:prototype\package.json:HEAD] already cached, not running linter
[2026-07-07 15:03:50.810] [global] [info] [cache.cc:934] [monitor] [trufflehog:lint:prototype\postcss.config.js:HEAD] already cached, not running linter
[2026-07-07 15:03:50.810] [global] [info] [cache.cc:934] [monitor] [trufflehog:lint:prototype\src\App.jsx:HEAD] already cached, not running linter
[2026-07-07 15:03:50.811] [global] [info] [cache.cc:934] [monitor] [trufflehog:lint:prototype\src\index.css:HEAD] already cached, not running linter
[2026-07-07 15:03:50.812] [global] [info] [cache.cc:934] [monitor] [trufflehog:lint:prototype\src\main.jsx:HEAD] already cached, not running linter
[2026-07-07 15:03:50.812] [global] [info] [cache.cc:934] [monitor] [trufflehog:lint:prototype\tailwind.config.js:HEAD] already cached, not running linter
[2026-07-07 15:03:50.813] [global] [info] [cache.cc:934] [monitor] [trufflehog:lint:prototype\vite.config.js:HEAD] already cached, not running linter
[2026-07-07 15:03:52.536] [global] [info] [grpc.cc:22] RX:virtual grpc::Status trunk::cli::UpgradeService::GetAvailableUpgrades(grpc::ServerContext *, const upgrade::proto::v1::GetAvailableUpgradesRequest *, grpc::ServerWriter<upgrade::proto::v1::GetAvailableUpgradesResponse> *)
[2026-07-07 15:03:52.576] [global] [info] [grpc.cc:22] RX:virtual grpc::Status trunk::cli::UpgradeService::GetAvailableUpgrades(grpc::ServerContext *, const upgrade::proto::v1::GetAvailableUpgradesRequest *, grpc::ServerWriter<upgrade::proto::v1::GetAvailableUpgradesResponse> *)
[2026-07-07 15:03:52.613] [global] [info] [cli_upgrade.cc:85] Checking for latest trunk prod version...
[2026-07-07 15:03:52.615] [global] [info] [plugin_upgrade.cc:71] Querying latest version for plugin trunk
[2026-07-07 15:03:52.708] [global] [error] [cli_upgrade.cc:113] Cli download error: Could not resolve host for https://trunk.io/releases/latest
[2026-07-07 15:03:52.744] [global] [info] [cli_upgrade.cc:85] Checking for latest trunk prod version...
[2026-07-07 15:03:52.746] [global] [info] [plugin_upgrade.cc:71] Querying latest version for plugin trunk
[2026-07-07 15:03:52.796] [global] [error] [cli_upgrade.cc:113] Cli download error: Could not resolve host for https://trunk.io/releases/latest
[2026-07-07 15:03:53.307] [global] [info] [cache.cc:934] [monitor] [pinact:lint:.github\workflows\ci.yml:HEAD] already cached, not running linter
[2026-07-07 15:03:53.372] [global] [info] [service.cc:145] [user-agent=lsp-proxy sid=n/a] RX:virtual grpc::Status trunk::cli::lint::Service::Start(grpc::ServerContext *, const proto::v1::StartRequest *, grpc::ServerWriter<proto::v1::StartResponse> *)
[2026-07-07 15:03:53.574] [global] [info] [git_source_control.cc:517] Computing merge base between 492ac7404cb3f984b7a0dc0daf15de47812871a9 and 21c6480d30042b923418b3bdbac852d5746a96b9
[2026-07-07 15:03:53.575] [global] [info] [git_source_control.cc:519] Resolved divergent commit as cbfbf7a7de1b4008a503fe80ac360b62c5043800
[2026-07-07 15:03:53.576] [global] [info] [session_context.cc:167] Making commit info with id: cbfbf7a7de1b4008a503fe80ac360b62c5043800
[2026-07-07 15:03:53.938] [global] [info] [service.cc:227] [user-agent=lsp-proxy sid=n/a] lint session created sid=82 with the following options:
cache_enabled: true, num_jobs: 2, session_type: 4, client_id: lsp-proxy, scope: 1
[2026-07-07 15:03:53.944] [global] [info] [service.cc:145] [user-agent=lsp-proxy sid=n/a] TX:virtual grpc::Status trunk::cli::lint::Service::Start(grpc::ServerContext *, const proto::v1::StartRequest *, grpc::ServerWriter<proto::v1::StartResponse> *) status=OK
[2026-07-07 15:03:53.948] [global] [info] [grpc.cc:22] RX:virtual grpc::Status trunk::cli::UpgradeService::GetAvailableUpgrades(grpc::ServerContext *, const upgrade::proto::v1::GetAvailableUpgradesRequest *, grpc::ServerWriter<upgrade::proto::v1::GetAvailableUpgradesResponse> *)
[2026-07-07 15:03:54.286] [global] [info] [cli_upgrade.cc:85] Checking for latest trunk prod version...
[2026-07-07 15:03:54.287] [global] [info] [plugin_upgrade.cc:71] Querying latest version for plugin trunk
[2026-07-07 15:03:54.417] [global] [error] [cli_upgrade.cc:113] Cli download error: Could not resolve host for https://trunk.io/releases/latest
[2026-07-07 15:03:58.968] [global] [info] [service.cc:145] [user-agent=cli/on-upgrade sid=n/a] RX:virtual grpc::Status trunk::cli::lint::Service::Start(grpc::ServerContext *, const proto::v1::StartRequest *, grpc::ServerWriter<proto::v1::StartResponse> *)
[2026-07-07 15:03:59.341] [global] [warning] [regex.cc:19] Parse regex function failed: Input '11.9.2' did not match regex 'flyway-(?P<semver>.*)'
[2026-07-07 15:03:59.341] [global] [warning] [download.cc:231] flyway could not parse arg 'semver' from regex function '${version}=>flyway-(?P<semver>.*)' 
[2026-07-07 15:03:59.468] [global] [info] [service.cc:118] Notifications config has not changed
[2026-07-07 15:03:59.490] [global] [info] [git_source_control.cc:517] Computing merge base between 492ac7404cb3f984b7a0dc0daf15de47812871a9 and 21c6480d30042b923418b3bdbac852d5746a96b9
[2026-07-07 15:03:59.491] [global] [info] [git_source_control.cc:519] Resolved divergent commit as cbfbf7a7de1b4008a503fe80ac360b62c5043800
[2026-07-07 15:03:59.651] [global] [info] [git_source_control.cc:517] Computing merge base between 492ac7404cb3f984b7a0dc0daf15de47812871a9 and 21c6480d30042b923418b3bdbac852d5746a96b9
[2026-07-07 15:03:59.652] [global] [info] [git_source_control.cc:519] Resolved divergent commit as cbfbf7a7de1b4008a503fe80ac360b62c5043800
[2026-07-07 15:03:59.652] [global] [info] [session_context.cc:167] Making commit info with id: cbfbf7a7de1b4008a503fe80ac360b62c5043800
[2026-07-07 15:04:00.819] [global] [info] [cache.cc:934] [monitor] [pinact:lint:.github\workflows\ci.yml:HEAD] already cached, not running linter
[2026-07-07 15:04:00.820] [global] [info] [cache.cc:934] [monitor] [trufflehog:lint:.env.example:HEAD] already cached, not running linter
[2026-07-07 15:04:00.821] [global] [info] [cache.cc:934] [monitor] [trufflehog:lint:.github\workflows\NOX.code-workspace:HEAD] already cached, not running linter
[2026-07-07 15:04:00.837] [global] [info] [cache.cc:934] [monitor] [trufflehog:lint:.github\workflows\ci.yml:HEAD] already cached, not running linter
[2026-07-07 15:04:00.838] [global] [info] [cache.cc:934] [monitor] [trufflehog:lint:.vscode\c_cpp_properties.json:HEAD] already cached, not running linter
[2026-07-07 15:04:00.844] [global] [info] [cache.cc:934] [monitor] [trufflehog:lint:.vscode\launch.json:HEAD] already cached, not running linter
[2026-07-07 15:04:00.845] [global] [info] [cache.cc:934] [monitor] [trufflehog:lint:.vscode\settings.json:HEAD] already cached, not running linter
[2026-07-07 15:04:00.846] [global] [info] [cache.cc:934] [monitor] [trufflehog:lint:flutter_blueprint\lib\src\features\auth\auth_screen.dart:HEAD] already cached, not running linter
[2026-07-07 15:04:00.846] [global] [info] [cache.cc:934] [monitor] [trufflehog:lint:prototype\index.html:HEAD] already cached, not running linter
[2026-07-07 15:04:00.847] [global] [info] [cache.cc:934] [monitor] [trufflehog:lint:prototype\package-lock.json:HEAD] already cached, not running linter
[2026-07-07 15:04:00.847] [global] [info] [cache.cc:934] [monitor] [trufflehog:lint:prototype\package.json:HEAD] already cached, not running linter
[2026-07-07 15:04:00.848] [global] [info] [cache.cc:934] [monitor] [trufflehog:lint:prototype\postcss.config.js:HEAD] already cached, not running linter
[2026-07-07 15:04:00.849] [global] [info] [cache.cc:934] [monitor] [trufflehog:lint:prototype\src\App.jsx:HEAD] already cached, not running linter
[2026-07-07 15:04:00.849] [global] [info] [cache.cc:934] [monitor] [trufflehog:lint:prototype\src\index.css:HEAD] already cached, not running linter
[2026-07-07 15:04:00.850] [global] [info] [cache.cc:934] [monitor] [trufflehog:lint:prototype\src\main.jsx:HEAD] already cached, not running linter
[2026-07-07 15:04:00.851] [global] [info] [cache.cc:934] [monitor] [trufflehog:lint:prototype\tailwind.config.js:HEAD] already cached, not running linter
[2026-07-07 15:04:00.851] [global] [info] [cache.cc:934] [monitor] [trufflehog:lint:prototype\vite.config.js:HEAD] already cached, not running linter
[2026-07-07 15:04:02.162] [global] [info] [service.cc:227] [user-agent=cli/on-upgrade sid=n/a] lint session created sid=83 with the following options:
cache_enabled: true, num_jobs: 2, session_type: 1, client_id: , scope: 1
[2026-07-07 15:04:02.378] [global] [info] [service.cc:145] [user-agent=cli/on-upgrade sid=n/a] TX:virtual grpc::Status trunk::cli::lint::Service::Start(grpc::ServerContext *, const proto::v1::StartRequest *, grpc::ServerWriter<proto::v1::StartResponse> *) status=OK
[2026-07-07 15:04:02.578] [global] [info] [service.cc:409] [user-agent=cli/on-upgrade sid=83] RX:virtual grpc::Status trunk::cli::lint::Service::Queue(grpc::ServerContext *, const proto::v1::QueueRequest *, proto::v1::QueueResponse *)
[2026-07-07 15:04:02.583] [global] [info] [service.cc:409] [user-agent=cli/on-upgrade sid=83] TX:virtual grpc::Status trunk::cli::lint::Service::Queue(grpc::ServerContext *, const proto::v1::QueueRequest *, proto::v1::QueueResponse *) status=OK
[2026-07-07 15:04:02.584] [global] [info] [service.cc:528] [user-agent=cli/on-upgrade sid=83] RX:virtual grpc::Status trunk::cli::lint::Service::Lint(grpc::ServerContext *, const proto::v1::LintRequest *, grpc::ServerWriter<proto::v1::LintResponse> *)
[2026-07-07 15:04:02.837] [global] [info] [cache.cc:978] [on-demand] [prettier:format:.trunk\trunk.yaml:HEAD] running linter (uncacheable)
[2026-07-07 15:04:03.194] [global] [info] [grpc.cc:22] RX:virtual grpc::Status trunk::cli::UpgradeService::GetAvailableUpgrades(grpc::ServerContext *, const upgrade::proto::v1::GetAvailableUpgradesRequest *, grpc::ServerWriter<upgrade::proto::v1::GetAvailableUpgradesResponse> *)
[2026-07-07 15:04:03.465] [global] [info] [cli_upgrade.cc:85] Checking for latest trunk prod version...
[2026-07-07 15:04:03.466] [global] [info] [plugin_upgrade.cc:71] Querying latest version for plugin trunk
[2026-07-07 15:04:12.220] [global] [warning] [resolve_binary.cc:46] is_regular_file check failed for for C:\Users\pyaip\AppData\Local\trunk\tools\prettier\3.9.4-f0e2ee985ed0b5fa1145a6fe02dcf36f/bin\python3.bat // 3:The system cannot find the path specified.
[2026-07-07 15:04:12.220] [global] [warning] [resolve_binary.cc:46] is_regular_file check failed for for C:\Users\pyaip\AppData\Local\trunk\tools\prettier\3.9.4-f0e2ee985ed0b5fa1145a6fe02dcf36f/bin\python3 // 3:The system cannot find the path specified.
[2026-07-07 15:04:12.220] [global] [warning] [resolve_binary.cc:46] is_regular_file check failed for for C:\Users\pyaip\AppData\Local\trunk\tools\prettier\3.9.4-f0e2ee985ed0b5fa1145a6fe02dcf36f/bin\python3.exe // 3:The system cannot find the path specified.
[2026-07-07 15:04:12.221] [global] [warning] [resolve_binary.cc:46] is_regular_file check failed for for C:\Users\pyaip\AppData\Local\trunk\tools\prettier\3.9.4-f0e2ee985ed0b5fa1145a6fe02dcf36f/Scripts\python3.bat // 3:The system cannot find the path specified.
[2026-07-07 15:04:12.221] [global] [warning] [resolve_binary.cc:46] is_regular_file check failed for for C:\Users\pyaip\AppData\Local\trunk\tools\prettier\3.9.4-f0e2ee985ed0b5fa1145a6fe02dcf36f/Scripts\python3 // 3:The system cannot find the path specified.
[2026-07-07 15:04:12.221] [global] [warning] [resolve_binary.cc:46] is_regular_file check failed for for C:\Users\pyaip\AppData\Local\trunk\tools\prettier\3.9.4-f0e2ee985ed0b5fa1145a6fe02dcf36f/Scripts\python3.exe // 3:The system cannot find the path specified.
[2026-07-07 15:04:12.221] [global] [warning] [resolve_binary.cc:46] is_regular_file check failed for for C:\Users\pyaip\AppData\Local\trunk\tools\python\3.14.4-cb3a144a569cdde1b1583669bb421ff0/bin\python3.bat // 3:The system cannot find the path specified.
[2026-07-07 15:04:12.221] [global] [warning] [resolve_binary.cc:46] is_regular_file check failed for for C:\Users\pyaip\AppData\Local\trunk\tools\python\3.14.4-cb3a144a569cdde1b1583669bb421ff0/bin\python3 // 3:The system cannot find the path specified.
[2026-07-07 15:04:12.221] [global] [warning] [resolve_binary.cc:46] is_regular_file check failed for for C:\Users\pyaip\AppData\Local\trunk\tools\python\3.14.4-cb3a144a569cdde1b1583669bb421ff0/bin\python3.exe // 3:The system cannot find the path specified.
[2026-07-07 15:04:13.664] [global] [info] [cache.cc:1117] [on-demand] [prettier:format:.trunk\trunk.yaml:HEAD] Linter ran in 10666ms
[2026-07-07 15:04:13.895] [global] [info] [service.cc:528] [user-agent=cli/on-upgrade sid=83] TX:virtual grpc::Status trunk::cli::lint::Service::Lint(grpc::ServerContext *, const proto::v1::LintRequest *, grpc::ServerWriter<proto::v1::LintResponse> *) status=OK
[2026-07-07 15:04:13.897] [global] [info] [service.cc:607] [user-agent=cli/on-upgrade sid=83] RX:virtual grpc::Status trunk::cli::lint::Service::GetCurrentDiagnostic(grpc::ServerContext *, const proto::v1::GetCurrentDiagnosticRequest *, proto::v1::GetCurrentDiagnosticResponse *)
[2026-07-07 15:04:13.897] [global] [info] [service.cc:607] [user-agent=cli/on-upgrade sid=83] TX:virtual grpc::Status trunk::cli::lint::Service::GetCurrentDiagnostic(grpc::ServerContext *, const proto::v1::GetCurrentDiagnosticRequest *, proto::v1::GetCurrentDiagnosticResponse *) status=OK
[2026-07-07 15:04:13.902] [global] [info] [service.cc:607] [user-agent=cli/on-upgrade sid=83] RX:virtual grpc::Status trunk::cli::lint::Service::GetCurrentDiagnostic(grpc::ServerContext *, const proto::v1::GetCurrentDiagnosticRequest *, proto::v1::GetCurrentDiagnosticResponse *)
[2026-07-07 15:04:13.902] [global] [info] [service.cc:607] [user-agent=cli/on-upgrade sid=83] TX:virtual grpc::Status trunk::cli::lint::Service::GetCurrentDiagnostic(grpc::ServerContext *, const proto::v1::GetCurrentDiagnosticRequest *, proto::v1::GetCurrentDiagnosticResponse *) status=OK
[2026-07-07 15:04:13.903] [global] [info] [service.cc:256] lint session ended sid=83
[2026-07-07 15:04:13.903] [global] [info] [service.cc:258] [user-agent=cli/on-upgrade sid=83] RX:virtual grpc::Status trunk::cli::lint::Service::End(grpc::ServerContext *, const proto::v1::EndRequest *, proto::v1::EndResponse *)
[2026-07-07 15:04:13.905] [global] [info] [service.cc:258] [user-agent=cli/on-upgrade sid=83] TX:virtual grpc::Status trunk::cli::lint::Service::End(grpc::ServerContext *, const proto::v1::EndRequest *, proto::v1::EndResponse *) status=OK
[2026-07-07 15:04:13.905] [global] [info] [service.cc:325] [user-agent=cli/on-upgrade sid=n/a] RX:virtual grpc::Status trunk::cli::lint::Service::End(grpc::ServerContext *, const proto::v1::EndRequest *, proto::v1::EndResponse *)
[2026-07-07 15:04:13.945] [global] [info] [service.cc:325] [user-agent=cli/on-upgrade sid=n/a] TX:virtual grpc::Status trunk::cli::lint::Service::End(grpc::ServerContext *, const proto::v1::EndRequest *, proto::v1::EndResponse *) status=OK
[2026-07-07 15:04:15.612] [global] [error] [cli_upgrade.cc:113] Cli download error: Could not resolve host for https://trunk.io/releases/latest
[2026-07-07 15:05:35.988] [global] [info] [git_source_control.cc:517] Computing merge base between 492ac7404cb3f984b7a0dc0daf15de47812871a9 and 21c6480d30042b923418b3bdbac852d5746a96b9
[2026-07-07 15:05:35.989] [global] [info] [git_source_control.cc:519] Resolved divergent commit as cbfbf7a7de1b4008a503fe80ac360b62c5043800
[2026-07-07 15:05:50.718] [global] [warning] [release.cc:76] Querying ReleaseVersionService failed with message errors resolving api.trunk.io:8443: [field:hostname lookup error:address lookup failed for api.trunk.io:8443: DNS query cancelled]
[2026-07-07 15:05:50.719] [global] [warning] [release.cc:44] GitHub releases lookup failed for 'https://api.github.com/repos/trunk-io/plugins/releases' code:444 body:No such host is known
[2026-07-07 15:05:51.199] [global] [warning] [release.cc:142] Querying validated version from ReleaseVersionService failed with message errors resolving api.trunk.io:8443: [field:hostname lookup error:address lookup failed for api.trunk.io:8443: DNS query cancelled]
[2026-07-07 15:05:51.205] [global] [info] [linter.cc:1078] Validated version for oxipng not provided, or bypassed. Using fallback
[2026-07-07 15:05:51.207] [global] [info] [linter.cc:1078] Validated version for checkov not provided, or bypassed. Using fallback
[2026-07-07 15:05:51.207] [global] [info] [linter.cc:1078] Validated version for prettier not provided, or bypassed. Using fallback
[2026-07-07 15:05:51.207] [global] [info] [linter.cc:1078] Validated version for trufflehog not provided, or bypassed. Using fallback
[2026-07-07 15:05:51.208] [global] [warning] [resolve_binary.cc:46] is_regular_file check failed for for C:\Users\pyaip\AppData\Local\trunk\tools\node\22.16.0-12da8a4c27b144aedaf7d975e067667c/bin\npm.bat // 3:The system cannot find the path specified.
[2026-07-07 15:05:51.209] [global] [warning] [resolve_binary.cc:46] is_regular_file check failed for for C:\Users\pyaip\AppData\Local\trunk\tools\node\22.16.0-12da8a4c27b144aedaf7d975e067667c/bin\npm // 3:The system cannot find the path specified.
[2026-07-07 15:05:51.209] [global] [warning] [resolve_binary.cc:46] is_regular_file check failed for for C:\Users\pyaip\AppData\Local\trunk\tools\node\22.16.0-12da8a4c27b144aedaf7d975e067667c/bin\npm.exe // 3:The system cannot find the path specified.
[2026-07-07 15:05:52.671] [global] [warning] [release.cc:76] Querying ReleaseVersionService failed with message errors resolving api.trunk.io:8443: [field:hostname lookup error:address lookup failed for api.trunk.io:8443: DNS query cancelled]
[2026-07-07 15:05:52.673] [global] [warning] [release.cc:44] GitHub releases lookup failed for 'https://api.github.com/repos/trunk-io/plugins/releases' code:444 body:No such host is known
[2026-07-07 15:05:52.793] [global] [warning] [release.cc:76] Querying ReleaseVersionService failed with message errors resolving api.trunk.io:8443: [field:hostname lookup error:address lookup failed for api.trunk.io:8443: DNS query cancelled]
[2026-07-07 15:05:52.794] [global] [warning] [release.cc:44] GitHub releases lookup failed for 'https://api.github.com/repos/trunk-io/plugins/releases' code:444 body:No such host is known
[2026-07-07 15:05:53.180] [global] [warning] [release.cc:142] Querying validated version from ReleaseVersionService failed with message errors resolving api.trunk.io:8443: [field:hostname lookup error:address lookup failed for api.trunk.io:8443: DNS query cancelled]
[2026-07-07 15:05:53.182] [global] [info] [linter.cc:1078] Validated version for actionlint not provided, or bypassed. Using fallback
[2026-07-07 15:05:53.182] [global] [info] [linter.cc:1078] Validated version for checkov not provided, or bypassed. Using fallback
[2026-07-07 15:05:53.182] [global] [warning] [python_runtime.cc:197] Pypi lookup failed for 'checkov' code:444
[2026-07-07 15:05:53.183] [global] [info] [linter.cc:1078] Validated version for pinact not provided, or bypassed. Using fallback
[2026-07-07 15:05:53.183] [global] [info] [linter.cc:1078] Validated version for markdownlint not provided, or bypassed. Using fallback
[2026-07-07 15:05:53.183] [global] [info] [linter.cc:1078] Validated version for prettier not provided, or bypassed. Using fallback
[2026-07-07 15:05:53.184] [global] [warning] [resolve_binary.cc:46] is_regular_file check failed for for C:\Users\pyaip\AppData\Local\trunk\tools\node\22.16.0-12da8a4c27b144aedaf7d975e067667c/bin\npm.bat // 3:The system cannot find the path specified.
[2026-07-07 15:05:53.184] [global] [warning] [resolve_binary.cc:46] is_regular_file check failed for for C:\Users\pyaip\AppData\Local\trunk\tools\node\22.16.0-12da8a4c27b144aedaf7d975e067667c/bin\npm // 3:The system cannot find the path specified.
[2026-07-07 15:05:53.184] [global] [warning] [resolve_binary.cc:46] is_regular_file check failed for for C:\Users\pyaip\AppData\Local\trunk\tools\node\22.16.0-12da8a4c27b144aedaf7d975e067667c/bin\npm.exe // 3:The system cannot find the path specified.
[2026-07-07 15:05:53.184] [global] [warning] [resolve_binary.cc:46] is_regular_file check failed for for C:\Users\pyaip\AppData\Local\trunk\tools\node\22.16.0-12da8a4c27b144aedaf7d975e067667c/bin\npm.bat // 3:The system cannot find the path specified.
[2026-07-07 15:05:53.185] [global] [warning] [resolve_binary.cc:46] is_regular_file check failed for for C:\Users\pyaip\AppData\Local\trunk\tools\node\22.16.0-12da8a4c27b144aedaf7d975e067667c/bin\npm // 3:The system cannot find the path specified.
[2026-07-07 15:05:53.185] [global] [warning] [resolve_binary.cc:46] is_regular_file check failed for for C:\Users\pyaip\AppData\Local\trunk\tools\node\22.16.0-12da8a4c27b144aedaf7d975e067667c/bin\npm.exe // 3:The system cannot find the path specified.
[2026-07-07 15:05:53.277] [global] [warning] [release.cc:142] Querying validated version from ReleaseVersionService failed with message errors resolving api.trunk.io:8443: [field:hostname lookup error:address lookup failed for api.trunk.io:8443: DNS query cancelled]
[2026-07-07 15:05:53.335] [global] [info] [linter.cc:1078] Validated version for trufflehog not provided, or bypassed. Using fallback
[2026-07-07 15:05:53.335] [global] [info] [linter.cc:1078] Validated version for yamllint not provided, or bypassed. Using fallback
[2026-07-07 15:05:53.335] [global] [info] [linter.cc:1078] Validated version for actionlint not provided, or bypassed. Using fallback
[2026-07-07 15:05:53.335] [global] [info] [linter.cc:1078] Validated version for checkov not provided, or bypassed. Using fallback
[2026-07-07 15:05:53.336] [global] [warning] [python_runtime.cc:197] Pypi lookup failed for 'yamllint' code:444
[2026-07-07 15:05:53.336] [global] [warning] [python_runtime.cc:197] Pypi lookup failed for 'checkov' code:444
[2026-07-07 15:05:53.336] [global] [info] [linter.cc:1078] Validated version for markdownlint not provided, or bypassed. Using fallback
[2026-07-07 15:05:53.336] [global] [info] [linter.cc:1078] Validated version for grype not provided, or bypassed. Using fallback
[2026-07-07 15:05:53.337] [global] [warning] [resolve_binary.cc:46] is_regular_file check failed for for C:\Users\pyaip\AppData\Local\trunk\tools\node\22.16.0-12da8a4c27b144aedaf7d975e067667c/bin\npm.bat // 3:The system cannot find the path specified.
[2026-07-07 15:05:53.337] [global] [warning] [resolve_binary.cc:46] is_regular_file check failed for for C:\Users\pyaip\AppData\Local\trunk\tools\node\22.16.0-12da8a4c27b144aedaf7d975e067667c/bin\npm // 3:The system cannot find the path specified.
[2026-07-07 15:05:53.337] [global] [warning] [resolve_binary.cc:46] is_regular_file check failed for for C:\Users\pyaip\AppData\Local\trunk\tools\node\22.16.0-12da8a4c27b144aedaf7d975e067667c/bin\npm.exe // 3:The system cannot find the path specified.
[2026-07-07 15:05:54.360] [global] [warning] [release.cc:76] Querying ReleaseVersionService failed with message errors resolving api.trunk.io:8443: [field:hostname lookup error:address lookup failed for api.trunk.io:8443: DNS query cancelled]
[2026-07-07 15:05:54.361] [global] [warning] [release.cc:44] GitHub releases lookup failed for 'https://api.github.com/repos/trunk-io/plugins/releases' code:444 body:No such host is known
[2026-07-07 15:05:55.066] [global] [warning] [release.cc:142] Querying validated version from ReleaseVersionService failed with message errors resolving api.trunk.io:8443: [field:hostname lookup error:address lookup failed for api.trunk.io:8443: DNS query cancelled]
[2026-07-07 15:05:55.239] [global] [info] [linter.cc:1078] Validated version for oxipng not provided, or bypassed. Using fallback
[2026-07-07 15:05:55.240] [global] [info] [linter.cc:1078] Validated version for actionlint not provided, or bypassed. Using fallback
[2026-07-07 15:05:55.241] [global] [info] [linter.cc:1078] Validated version for prettier not provided, or bypassed. Using fallback
[2026-07-07 15:05:55.242] [global] [warning] [resolve_binary.cc:46] is_regular_file check failed for for C:\Users\pyaip\AppData\Local\trunk\tools\node\22.16.0-12da8a4c27b144aedaf7d975e067667c/bin\npm.bat // 3:The system cannot find the path specified.
[2026-07-07 15:05:55.243] [global] [warning] [resolve_binary.cc:46] is_regular_file check failed for for C:\Users\pyaip\AppData\Local\trunk\tools\node\22.16.0-12da8a4c27b144aedaf7d975e067667c/bin\npm // 3:The system cannot find the path specified.
[2026-07-07 15:05:55.243] [global] [warning] [resolve_binary.cc:46] is_regular_file check failed for for C:\Users\pyaip\AppData\Local\trunk\tools\node\22.16.0-12da8a4c27b144aedaf7d975e067667c/bin\npm.exe // 3:The system cannot find the path specified.
[2026-07-07 15:05:55.248] [global] [info] [linter.cc:1078] Validated version for pinact not provided, or bypassed. Using fallback
[2026-07-07 15:06:03.323] [global] [warning] [python_runtime.cc:197] Pypi lookup failed for 'checkov' code:444
[2026-07-07 15:06:03.323] [global] [info] [linter.cc:1078] Validated version for markdownlint not provided, or bypassed. Using fallback
[2026-07-07 15:06:03.325] [global] [warning] [resolve_binary.cc:46] is_regular_file check failed for for C:\Users\pyaip\AppData\Local\trunk\tools\node\22.16.0-12da8a4c27b144aedaf7d975e067667c/bin\npm.bat // 3:The system cannot find the path specified.
[2026-07-07 15:06:03.325] [global] [warning] [resolve_binary.cc:46] is_regular_file check failed for for C:\Users\pyaip\AppData\Local\trunk\tools\node\22.16.0-12da8a4c27b144aedaf7d975e067667c/bin\npm // 3:The system cannot find the path specified.
[2026-07-07 15:06:03.325] [global] [warning] [resolve_binary.cc:46] is_regular_file check failed for for C:\Users\pyaip\AppData\Local\trunk\tools\node\22.16.0-12da8a4c27b144aedaf7d975e067667c/bin\npm.exe // 3:The system cannot find the path specified.
[2026-07-07 15:06:03.497] [global] [warning] [release.cc:76] Querying ReleaseVersionService failed with message errors resolving api.trunk.io:8443: [field:hostname lookup error:address lookup failed for api.trunk.io:8443: DNS query cancelled]
[2026-07-07 15:06:03.499] [global] [warning] [release.cc:44] GitHub releases lookup failed for 'https://api.github.com/repos/trunk-io/plugins/releases' code:444 body:No such host is known
[2026-07-07 15:06:04.025] [global] [warning] [release.cc:142] Querying validated version from ReleaseVersionService failed with message errors resolving api.trunk.io:8443: [field:hostname lookup error:address lookup failed for api.trunk.io:8443: DNS query cancelled]
[2026-07-07 15:06:04.263] [global] [info] [linter.cc:1078] Validated version for oxipng not provided, or bypassed. Using fallback
[2026-07-07 15:06:04.263] [global] [info] [linter.cc:1078] Validated version for trufflehog not provided, or bypassed. Using fallback
[2026-07-07 15:06:04.263] [global] [info] [linter.cc:1078] Validated version for grype not provided, or bypassed. Using fallback
[2026-07-07 15:06:04.264] [global] [info] [linter.cc:1078] Validated version for pinact not provided, or bypassed. Using fallback
[2026-07-07 15:07:18.392] [global] [info] [linter.cc:1078] Validated version for oxipng not provided, or bypassed. Using fallback
[2026-07-07 15:07:30.803] [global] [info] [linter.cc:1078] Validated version for osv-scanner not provided, or bypassed. Using fallback
[2026-07-07 15:07:30.861] [global] [info] [linter.cc:1078] Validated version for osv-scanner not provided, or bypassed. Using fallback
[2026-07-07 15:07:30.870] [global] [info] [linter.cc:1078] Validated version for checkov not provided, or bypassed. Using fallback
[2026-07-07 15:07:30.870] [global] [warning] [python_runtime.cc:197] Pypi lookup failed for 'checkov' code:444
[2026-07-07 15:07:30.871] [global] [info] [linter.cc:1078] Validated version for markdownlint not provided, or bypassed. Using fallback
[2026-07-07 15:07:30.872] [global] [warning] [resolve_binary.cc:46] is_regular_file check failed for for C:\Users\pyaip\AppData\Local\trunk\tools\node\22.16.0-12da8a4c27b144aedaf7d975e067667c/bin\npm.bat // 3:The system cannot find the path specified.
[2026-07-07 15:07:30.873] [global] [warning] [resolve_binary.cc:46] is_regular_file check failed for for C:\Users\pyaip\AppData\Local\trunk\tools\node\22.16.0-12da8a4c27b144aedaf7d975e067667c/bin\npm // 3:The system cannot find the path specified.
[2026-07-07 15:07:30.873] [global] [warning] [resolve_binary.cc:46] is_regular_file check failed for for C:\Users\pyaip\AppData\Local\trunk\tools\node\22.16.0-12da8a4c27b144aedaf7d975e067667c/bin\npm.exe // 3:The system cannot find the path specified.
[2026-07-07 15:07:32.833] [global] [info] [linter.cc:1078] Validated version for osv-scanner not provided, or bypassed. Using fallback
[2026-07-07 15:07:32.864] [global] [info] [linter.cc:1078] Validated version for grype not provided, or bypassed. Using fallback
[2026-07-07 15:07:51.231] [global] [warning] [release.cc:76] Querying ReleaseVersionService failed with message errors resolving api.trunk.io:8443: [field:hostname lookup error:address lookup failed for api.trunk.io:8443: DNS query cancelled]
[2026-07-07 15:07:51.231] [global] [warning] [release.cc:76] Querying ReleaseVersionService failed with message errors resolving api.trunk.io:8443: [field:hostname lookup error:address lookup failed for api.trunk.io:8443: DNS query cancelled]
[2026-07-07 15:07:51.232] [global] [warning] [release.cc:44] GitHub releases lookup failed for 'https://api.github.com/repos/trufflesecurity/trufflehog/releases' code:444 body:No such host is known
[2026-07-07 15:07:51.232] [global] [warning] [release.cc:44] GitHub releases lookup failed for 'https://api.github.com/repos/shssoichiro/oxipng/releases' code:444 body:No such host is known
[2026-07-07 15:07:51.233] [global] [info] [linter.cc:1078] Validated version for yamllint not provided, or bypassed. Using fallback
[2026-07-07 15:07:51.233] [global] [info] [linter.cc:1078] Validated version for actionlint not provided, or bypassed. Using fallback
[2026-07-07 15:07:51.233] [global] [warning] [python_runtime.cc:197] Pypi lookup failed for 'yamllint' code:444
[2026-07-07 15:07:51.235] [global] [info] [linter.cc:1078] Validated version for pinact not provided, or bypassed. Using fallback
[2026-07-07 15:07:53.213] [global] [warning] [release.cc:76] Querying ReleaseVersionService failed with message errors resolving api.trunk.io:8443: [field:hostname lookup error:address lookup failed for api.trunk.io:8443: DNS query cancelled]
[2026-07-07 15:07:53.214] [global] [warning] [release.cc:44] GitHub releases lookup failed for 'https://api.github.com/repos/rhysd/actionlint/releases' code:444 body:No such host is known
[2026-07-07 15:07:53.214] [global] [info] [linter.cc:1078] Validated version for grype not provided, or bypassed. Using fallback
[2026-07-07 15:07:53.228] [global] [warning] [release.cc:76] Querying ReleaseVersionService failed with message errors resolving api.trunk.io:8443: [field:hostname lookup error:address lookup failed for api.trunk.io:8443: DNS query cancelled]
[2026-07-07 15:07:53.230] [global] [warning] [release.cc:44] GitHub releases lookup failed for 'https://api.github.com/repos/suzuki-shunsuke/pinact/releases' code:444 body:No such host is known
[2026-07-07 15:07:53.230] [global] [info] [linter.cc:1078] Validated version for yamllint not provided, or bypassed. Using fallback
[2026-07-07 15:07:53.230] [global] [warning] [python_runtime.cc:197] Pypi lookup failed for 'yamllint' code:444
[2026-07-07 15:07:53.231] [global] [info] [linter.cc:1078] Validated version for trufflehog not provided, or bypassed. Using fallback
[2026-07-07 15:07:53.353] [global] [warning] [release.cc:76] Querying ReleaseVersionService failed with message errors resolving api.trunk.io:8443: [field:hostname lookup error:address lookup failed for api.trunk.io:8443: DNS query cancelled]
[2026-07-07 15:07:53.355] [global] [warning] [release.cc:44] GitHub releases lookup failed for 'https://api.github.com/repos/trufflesecurity/trufflehog/releases' code:444 body:No such host is known
[2026-07-07 15:07:53.355] [global] [info] [linter.cc:1078] Validated version for oxipng not provided, or bypassed. Using fallback
[2026-07-07 15:07:53.369] [global] [warning] [release.cc:76] Querying ReleaseVersionService failed with message errors resolving api.trunk.io:8443: [field:hostname lookup error:address lookup failed for api.trunk.io:8443: DNS query cancelled]
[2026-07-07 15:07:53.369] [global] [warning] [release.cc:76] Querying ReleaseVersionService failed with message errors resolving api.trunk.io:8443: [field:hostname lookup error:address lookup failed for api.trunk.io:8443: DNS query cancelled]
[2026-07-07 15:07:53.370] [global] [warning] [release.cc:44] GitHub releases lookup failed for 'https://api.github.com/repos/anchore/grype/releases' code:444 body:No such host is known
[2026-07-07 15:07:53.370] [global] [warning] [release.cc:44] GitHub releases lookup failed for 'https://api.github.com/repos/rhysd/actionlint/releases' code:444 body:No such host is known
[2026-07-07 15:07:53.372] [global] [info] [linter.cc:1078] Validated version for pinact not provided, or bypassed. Using fallback
[2026-07-07 15:07:53.372] [global] [info] [linter.cc:1078] Validated version for prettier not provided, or bypassed. Using fallback
[2026-07-07 15:07:53.374] [global] [warning] [resolve_binary.cc:46] is_regular_file check failed for for C:\Users\pyaip\AppData\Local\trunk\tools\node\22.16.0-12da8a4c27b144aedaf7d975e067667c/bin\npm.bat // 3:The system cannot find the path specified.
[2026-07-07 15:07:53.374] [global] [warning] [resolve_binary.cc:46] is_regular_file check failed for for C:\Users\pyaip\AppData\Local\trunk\tools\node\22.16.0-12da8a4c27b144aedaf7d975e067667c/bin\npm // 3:The system cannot find the path specified.
[2026-07-07 15:07:53.374] [global] [warning] [resolve_binary.cc:46] is_regular_file check failed for for C:\Users\pyaip\AppData\Local\trunk\tools\node\22.16.0-12da8a4c27b144aedaf7d975e067667c/bin\npm.exe // 3:The system cannot find the path specified.
[2026-07-07 15:07:55.271] [global] [warning] [release.cc:76] Querying ReleaseVersionService failed with message errors resolving api.trunk.io:8443: [field:hostname lookup error:address lookup failed for api.trunk.io:8443: DNS query cancelled]
[2026-07-07 15:07:55.273] [global] [warning] [release.cc:44] GitHub releases lookup failed for 'https://api.github.com/repos/rhysd/actionlint/releases' code:444 body:No such host is known
[2026-07-07 15:07:55.273] [global] [info] [linter.cc:1078] Validated version for osv-scanner not provided, or bypassed. Using fallback
[2026-07-07 15:07:55.302] [global] [warning] [release.cc:76] Querying ReleaseVersionService failed with message errors resolving api.trunk.io:8443: [field:hostname lookup error:address lookup failed for api.trunk.io:8443: DNS query cancelled]
[2026-07-07 15:07:55.303] [global] [warning] [release.cc:76] Querying ReleaseVersionService failed with message errors resolving api.trunk.io:8443: [field:hostname lookup error:address lookup failed for api.trunk.io:8443: DNS query cancelled]
[2026-07-07 15:07:55.304] [global] [warning] [release.cc:44] GitHub releases lookup failed for 'https://api.github.com/repos/shssoichiro/oxipng/releases' code:444 body:No such host is known
[2026-07-07 15:07:55.304] [global] [warning] [release.cc:44] GitHub releases lookup failed for 'https://api.github.com/repos/suzuki-shunsuke/pinact/releases' code:444 body:No such host is known
[2026-07-07 15:07:55.304] [global] [info] [linter.cc:1078] Validated version for grype not provided, or bypassed. Using fallback
[2026-07-07 15:07:55.304] [global] [info] [linter.cc:1078] Validated version for yamllint not provided, or bypassed. Using fallback
[2026-07-07 15:07:55.305] [global] [warning] [python_runtime.cc:197] Pypi lookup failed for 'yamllint' code:444
[2026-07-07 15:07:55.305] [global] [info] [linter.cc:1078] Validated version for trufflehog not provided, or bypassed. Using fallback
[2026-07-07 15:08:04.278] [global] [warning] [release.cc:76] Querying ReleaseVersionService failed with message errors resolving api.trunk.io:8443: [field:hostname lookup error:address lookup failed for api.trunk.io:8443: DNS query cancelled]
[2026-07-07 15:08:04.280] [global] [warning] [release.cc:44] GitHub releases lookup failed for 'https://api.github.com/repos/shssoichiro/oxipng/releases' code:444 body:No such host is known
[2026-07-07 15:08:04.280] [global] [info] [linter.cc:1078] Validated version for checkov not provided, or bypassed. Using fallback
[2026-07-07 15:08:04.281] [global] [warning] [python_runtime.cc:197] Pypi lookup failed for 'checkov' code:444
[2026-07-07 15:08:04.281] [global] [info] [linter.cc:1078] Validated version for markdownlint not provided, or bypassed. Using fallback
[2026-07-07 15:08:04.282] [global] [warning] [resolve_binary.cc:46] is_regular_file check failed for for C:\Users\pyaip\AppData\Local\trunk\tools\node\22.16.0-12da8a4c27b144aedaf7d975e067667c/bin\npm.bat // 3:The system cannot find the path specified.
[2026-07-07 15:08:04.283] [global] [warning] [resolve_binary.cc:46] is_regular_file check failed for for C:\Users\pyaip\AppData\Local\trunk\tools\node\22.16.0-12da8a4c27b144aedaf7d975e067667c/bin\npm // 3:The system cannot find the path specified.
[2026-07-07 15:08:04.283] [global] [warning] [resolve_binary.cc:46] is_regular_file check failed for for C:\Users\pyaip\AppData\Local\trunk\tools\node\22.16.0-12da8a4c27b144aedaf7d975e067667c/bin\npm.exe // 3:The system cannot find the path specified.
[2026-07-07 15:08:04.309] [global] [warning] [release.cc:76] Querying ReleaseVersionService failed with message errors resolving api.trunk.io:8443: [field:hostname lookup error:address lookup failed for api.trunk.io:8443: DNS query cancelled]
[2026-07-07 15:08:04.310] [global] [warning] [release.cc:44] GitHub releases lookup failed for 'https://api.github.com/repos/trufflesecurity/trufflehog/releases' code:444 body:No such host is known
[2026-07-07 15:08:04.310] [global] [info] [linter.cc:1078] Validated version for osv-scanner not provided, or bypassed. Using fallback
[2026-07-07 15:08:04.328] [global] [warning] [release.cc:76] Querying ReleaseVersionService failed with message errors resolving api.trunk.io:8443: [field:hostname lookup error:address lookup failed for api.trunk.io:8443: DNS query cancelled]
[2026-07-07 15:08:04.329] [global] [warning] [release.cc:44] GitHub releases lookup failed for 'https://api.github.com/repos/anchore/grype/releases' code:444 body:No such host is known
[2026-07-07 15:08:04.330] [global] [warning] [release.cc:76] Querying ReleaseVersionService failed with message errors resolving api.trunk.io:8443: [field:hostname lookup error:address lookup failed for api.trunk.io:8443: DNS query cancelled]
[2026-07-07 15:08:04.330] [global] [info] [linter.cc:1078] Validated version for actionlint not provided, or bypassed. Using fallback
[2026-07-07 15:08:04.331] [global] [warning] [release.cc:44] GitHub releases lookup failed for 'https://api.github.com/repos/suzuki-shunsuke/pinact/releases' code:444 body:No such host is known
[2026-07-07 15:08:04.331] [global] [info] [linter.cc:1078] Validated version for yamllint not provided, or bypassed. Using fallback
[2026-07-07 15:08:04.332] [global] [warning] [python_runtime.cc:197] Pypi lookup failed for 'yamllint' code:444
[2026-07-07 15:08:04.334] [global] [info] [linter.cc:1078] Validated version for prettier not provided, or bypassed. Using fallback
[2026-07-07 15:08:04.335] [global] [warning] [resolve_binary.cc:46] is_regular_file check failed for for C:\Users\pyaip\AppData\Local\trunk\tools\node\22.16.0-12da8a4c27b144aedaf7d975e067667c/bin\npm.bat // 3:The system cannot find the path specified.
[2026-07-07 15:08:04.335] [global] [warning] [resolve_binary.cc:46] is_regular_file check failed for for C:\Users\pyaip\AppData\Local\trunk\tools\node\22.16.0-12da8a4c27b144aedaf7d975e067667c/bin\npm // 3:The system cannot find the path specified.
[2026-07-07 15:08:04.335] [global] [warning] [resolve_binary.cc:46] is_regular_file check failed for for C:\Users\pyaip\AppData\Local\trunk\tools\node\22.16.0-12da8a4c27b144aedaf7d975e067667c/bin\npm.exe // 3:The system cannot find the path specified.
[2026-07-07 15:08:36.843] [global] [info] [git_source_control.cc:517] Computing merge base between 492ac7404cb3f984b7a0dc0daf15de47812871a9 and 21c6480d30042b923418b3bdbac852d5746a96b9
[2026-07-07 15:08:36.844] [global] [info] [git_source_control.cc:519] Resolved divergent commit as cbfbf7a7de1b4008a503fe80ac360b62c5043800
[2026-07-07 15:09:18.428] [global] [warning] [release.cc:76] Querying ReleaseVersionService failed with message errors resolving api.trunk.io:8443: [field:hostname lookup error:address lookup failed for api.trunk.io:8443: DNS query cancelled]
[2026-07-07 15:09:18.429] [global] [warning] [release.cc:44] GitHub releases lookup failed for 'https://api.github.com/repos/shssoichiro/oxipng/releases' code:444 body:No such host is known
[2026-07-07 15:09:30.829] [global] [warning] [release.cc:76] Querying ReleaseVersionService failed with message errors resolving api.trunk.io:8443: [field:hostname lookup error:address lookup failed for api.trunk.io:8443: DNS query cancelled]
[2026-07-07 15:09:30.891] [global] [warning] [release.cc:76] Querying ReleaseVersionService failed with message errors resolving api.trunk.io:8443: [field:hostname lookup error:address lookup failed for api.trunk.io:8443: DNS query cancelled]
[2026-07-07 15:09:32.861] [global] [warning] [release.cc:76] Querying ReleaseVersionService failed with message errors resolving api.trunk.io:8443: [field:hostname lookup error:address lookup failed for api.trunk.io:8443: DNS query cancelled]
[2026-07-07 15:09:32.889] [global] [warning] [release.cc:76] Querying ReleaseVersionService failed with message errors resolving api.trunk.io:8443: [field:hostname lookup error:address lookup failed for api.trunk.io:8443: DNS query cancelled]
[2026-07-07 15:09:42.869] [global] [warning] [release.cc:44] GitHub releases lookup failed for 'https://api.github.com/repos/google/osv-scanner/releases' code:444 body:No such host is known
[2026-07-07 15:09:42.869] [global] [warning] [release.cc:44] GitHub releases lookup failed for 'https://api.github.com/repos/google/osv-scanner/releases' code:444 body:No such host is known
[2026-07-07 15:09:42.870] [global] [warning] [release.cc:44] GitHub releases lookup failed for 'https://api.github.com/repos/anchore/grype/releases' code:444 body:No such host is known
[2026-07-07 15:09:42.871] [global] [warning] [release.cc:44] GitHub releases lookup failed for 'https://api.github.com/repos/google/osv-scanner/releases' code:444 body:No such host is known
[2026-07-07 15:09:51.259] [global] [warning] [release.cc:76] Querying ReleaseVersionService failed with message errors resolving api.trunk.io:8443: [field:hostname lookup error:address lookup failed for api.trunk.io:8443: DNS query cancelled]
[2026-07-07 15:09:51.259] [global] [warning] [release.cc:76] Querying ReleaseVersionService failed with message errors resolving api.trunk.io:8443: [field:hostname lookup error:address lookup failed for api.trunk.io:8443: DNS query cancelled]
[2026-07-07 15:09:51.260] [global] [warning] [release.cc:44] GitHub releases lookup failed for 'https://api.github.com/repos/suzuki-shunsuke/pinact/releases' code:444 body:No such host is known
[2026-07-07 15:09:51.260] [global] [warning] [release.cc:44] GitHub releases lookup failed for 'https://api.github.com/repos/rhysd/actionlint/releases' code:444 body:No such host is known
[2026-07-07 15:09:51.476] [global] [info] [grpc.cc:26] TX:virtual grpc::Status trunk::cli::UpgradeService::GetAvailableUpgrades(grpc::ServerContext *, const upgrade::proto::v1::GetAvailableUpgradesRequest *, grpc::ServerWriter<upgrade::proto::v1::GetAvailableUpgradesResponse> *) status=OK
[2026-07-07 15:09:51.477] [global] [info] [service.cc:256] lint session ended sid=81
[2026-07-07 15:09:51.477] [global] [info] [service.cc:258] [user-agent=lsp-proxy sid=81] RX:virtual grpc::Status trunk::cli::lint::Service::End(grpc::ServerContext *, const proto::v1::EndRequest *, proto::v1::EndResponse *)
[2026-07-07 15:09:51.480] [global] [info] [service.cc:258] [user-agent=lsp-proxy sid=81] TX:virtual grpc::Status trunk::cli::lint::Service::End(grpc::ServerContext *, const proto::v1::EndRequest *, proto::v1::EndResponse *) status=OK
[2026-07-07 15:09:51.480] [global] [info] [service.cc:325] [user-agent=lsp-proxy sid=n/a] RX:virtual grpc::Status trunk::cli::lint::Service::End(grpc::ServerContext *, const proto::v1::EndRequest *, proto::v1::EndResponse *)
[2026-07-07 15:09:51.516] [global] [info] [service.cc:325] [user-agent=lsp-proxy sid=n/a] TX:virtual grpc::Status trunk::cli::lint::Service::End(grpc::ServerContext *, const proto::v1::EndRequest *, proto::v1::EndResponse *) status=OK
[2026-07-07 15:09:51.517] [global] [info] [service.cc:145] [user-agent=lsp-proxy sid=n/a] RX:virtual grpc::Status trunk::cli::lint::Service::Start(grpc::ServerContext *, const proto::v1::StartRequest *, grpc::ServerWriter<proto::v1::StartResponse> *)
[2026-07-07 15:09:51.577] [global] [info] [git_source_control.cc:517] Computing merge base between 492ac7404cb3f984b7a0dc0daf15de47812871a9 and 21c6480d30042b923418b3bdbac852d5746a96b9
[2026-07-07 15:09:51.578] [global] [info] [git_source_control.cc:519] Resolved divergent commit as cbfbf7a7de1b4008a503fe80ac360b62c5043800
[2026-07-07 15:09:51.578] [global] [info] [session_context.cc:167] Making commit info with id: cbfbf7a7de1b4008a503fe80ac360b62c5043800
[2026-07-07 15:09:51.711] [global] [info] [service.cc:227] [user-agent=lsp-proxy sid=n/a] lint session created sid=84 with the following options:
cache_enabled: true, num_jobs: 2, session_type: 4, client_id: lsp-proxy, scope: 1
[2026-07-07 15:09:51.926] [global] [info] [service.cc:145] [user-agent=lsp-proxy sid=n/a] TX:virtual grpc::Status trunk::cli::lint::Service::Start(grpc::ServerContext *, const proto::v1::StartRequest *, grpc::ServerWriter<proto::v1::StartResponse> *) status=OK
[2026-07-07 15:09:51.927] [global] [info] [grpc.cc:22] RX:virtual grpc::Status trunk::cli::UpgradeService::GetAvailableUpgrades(grpc::ServerContext *, const upgrade::proto::v1::GetAvailableUpgradesRequest *, grpc::ServerWriter<upgrade::proto::v1::GetAvailableUpgradesResponse> *)
[2026-07-07 15:09:51.930] [global] [info] [cli_upgrade.cc:85] Checking for latest trunk prod version...
[2026-07-07 15:09:51.931] [global] [info] [plugin_upgrade.cc:71] Querying latest version for plugin trunk
[2026-07-07 15:09:51.933] [global] [error] [cli_upgrade.cc:113] Cli download error: Could not resolve host for https://trunk.io/releases/latest
[2026-07-07 15:09:53.229] [global] [warning] [release.cc:76] Querying ReleaseVersionService failed with message errors resolving api.trunk.io:8443: [field:hostname lookup error:address lookup failed for api.trunk.io:8443: DNS query cancelled]
[2026-07-07 15:09:53.245] [global] [warning] [release.cc:76] Querying ReleaseVersionService failed with message errors resolving api.trunk.io:8443: [field:hostname lookup error:address lookup failed for api.trunk.io:8443: DNS query cancelled]
[2026-07-07 15:09:53.370] [global] [warning] [release.cc:76] Querying ReleaseVersionService failed with message errors resolving api.trunk.io:8443: [field:hostname lookup error:address lookup failed for api.trunk.io:8443: DNS query cancelled]
[2026-07-07 15:09:53.400] [global] [warning] [release.cc:76] Querying ReleaseVersionService failed with message errors resolving api.trunk.io:8443: [field:hostname lookup error:address lookup failed for api.trunk.io:8443: DNS query cancelled]
[2026-07-07 15:09:55.293] [global] [warning] [release.cc:76] Querying ReleaseVersionService failed with message errors resolving api.trunk.io:8443: [field:hostname lookup error:address lookup failed for api.trunk.io:8443: DNS query cancelled]
[2026-07-07 15:09:55.325] [global] [warning] [release.cc:76] Querying ReleaseVersionService failed with message errors resolving api.trunk.io:8443: [field:hostname lookup error:address lookup failed for api.trunk.io:8443: DNS query cancelled]
[2026-07-07 15:09:55.341] [global] [warning] [release.cc:76] Querying ReleaseVersionService failed with message errors resolving api.trunk.io:8443: [field:hostname lookup error:address lookup failed for api.trunk.io:8443: DNS query cancelled]
[2026-07-07 15:10:04.338] [global] [warning] [release.cc:76] Querying ReleaseVersionService failed with message errors resolving api.trunk.io:8443: [field:hostname lookup error:address lookup failed for api.trunk.io:8443: DNS query cancelled]
[2026-07-07 15:10:04.339] [global] [warning] [release.cc:44] GitHub releases lookup failed for 'https://api.github.com/repos/google/osv-scanner/releases' code:444 body:No such host is known
[2026-07-07 15:10:04.353] [global] [warning] [release.cc:76] Querying ReleaseVersionService failed with message errors resolving api.trunk.io:8443: [field:hostname lookup error:address lookup failed for api.trunk.io:8443: DNS query cancelled]
[2026-07-07 15:10:04.354] [global] [warning] [release.cc:44] GitHub releases lookup failed for 'https://api.github.com/repos/rhysd/actionlint/releases' code:444 body:No such host is known
[2026-07-07 15:10:04.556] [global] [info] [grpc.cc:26] TX:virtual grpc::Status trunk::cli::UpgradeService::GetAvailableUpgrades(grpc::ServerContext *, const upgrade::proto::v1::GetAvailableUpgradesRequest *, grpc::ServerWriter<upgrade::proto::v1::GetAvailableUpgradesResponse> *) status=OK
[2026-07-07 15:10:05.267] [global] [warning] [release.cc:44] GitHub releases lookup failed for 'https://api.github.com/repos/trufflesecurity/trufflehog/releases' code:444 body:No such host is known
[2026-07-07 15:10:05.267] [global] [warning] [release.cc:44] GitHub releases lookup failed for 'https://api.github.com/repos/shssoichiro/oxipng/releases' code:444 body:No such host is known
[2026-07-07 15:10:05.268] [global] [warning] [release.cc:44] GitHub releases lookup failed for 'https://api.github.com/repos/suzuki-shunsuke/pinact/releases' code:444 body:No such host is known
[2026-07-07 15:10:05.270] [global] [warning] [release.cc:44] GitHub releases lookup failed for 'https://api.github.com/repos/google/osv-scanner/releases' code:444 body:No such host is known
[2026-07-07 15:10:05.270] [global] [warning] [release.cc:44] GitHub releases lookup failed for 'https://api.github.com/repos/trufflesecurity/trufflehog/releases' code:444 body:No such host is known
[2026-07-07 15:10:05.271] [global] [warning] [release.cc:44] GitHub releases lookup failed for 'https://api.github.com/repos/anchore/grype/releases' code:444 body:No such host is known
[2026-07-07 15:10:05.272] [global] [warning] [release.cc:44] GitHub releases lookup failed for 'https://api.github.com/repos/anchore/grype/releases' code:444 body:No such host is known
[2026-07-07 15:10:05.485] [global] [info] [grpc.cc:26] TX:virtual grpc::Status trunk::cli::UpgradeService::GetAvailableUpgrades(grpc::ServerContext *, const upgrade::proto::v1::GetAvailableUpgradesRequest *, grpc::ServerWriter<upgrade::proto::v1::GetAvailableUpgradesResponse> *) status=OK
[2026-07-07 15:10:05.485] [global] [info] [grpc.cc:26] TX:virtual grpc::Status trunk::cli::UpgradeService::GetAvailableUpgrades(grpc::ServerContext *, const upgrade::proto::v1::GetAvailableUpgradesRequest *, grpc::ServerWriter<upgrade::proto::v1::GetAvailableUpgradesResponse> *) status=OK
[2026-07-07 15:10:05.486] [global] [info] [service.cc:256] lint session ended sid=82
[2026-07-07 15:10:05.486] [global] [info] [service.cc:258] [user-agent=lsp-proxy sid=82] RX:virtual grpc::Status trunk::cli::lint::Service::End(grpc::ServerContext *, const proto::v1::EndRequest *, proto::v1::EndResponse *)
[2026-07-07 15:10:05.486] [global] [info] [grpc.cc:26] TX:virtual grpc::Status trunk::cli::UpgradeService::GetAvailableUpgrades(grpc::ServerContext *, const upgrade::proto::v1::GetAvailableUpgradesRequest *, grpc::ServerWriter<upgrade::proto::v1::GetAvailableUpgradesResponse> *) status=OK
