[2026-06-09 06:57:44.446] [global] [info] [app_context.cc:392] TryGetTrunkConfigPb failed
[2026-06-09 06:57:44.453] [global] [info] [app_context.cc:392] TryGetTrunkConfigPb failed
[2026-06-09 06:57:47.892] [global] [info] [git_source_control.cc:517] Computing merge base between 875b6ded2459c9b873fe7b1047081a1f46cfa701 and 21c6480d30042b923418b3bdbac852d5746a96b9
[2026-06-09 06:57:47.893] [global] [info] [git_source_control.cc:519] Resolved divergent commit as cbfbf7a7de1b4008a503fe80ac360b62c5043800
[2026-06-09 06:57:47.924] [global] [info] [app_context.cc:392] TryGetTrunkConfigPb failed
[2026-06-09 06:57:47.925] [global] [info] [app_context.cc:392] TryGetTrunkConfigPb failed
[2026-06-09 06:57:47.927] [global] [info] [app_context.cc:392] TryGetTrunkConfigPb failed
[2026-06-09 06:57:47.931] [global] [info] [app_context.cc:392] TryGetTrunkConfigPb failed
[2026-06-09 06:57:52.427] [global] [info] [git_source_control.cc:517] Computing merge base between 875b6ded2459c9b873fe7b1047081a1f46cfa701 and 21c6480d30042b923418b3bdbac852d5746a96b9
[2026-06-09 06:57:52.428] [global] [info] [git_source_control.cc:519] Resolved divergent commit as cbfbf7a7de1b4008a503fe80ac360b62c5043800
[2026-06-09 06:57:52.450] [global] [info] [app_context.cc:392] TryGetTrunkConfigPb failed
[2026-06-09 06:57:52.451] [global] [info] [app_context.cc:392] TryGetTrunkConfigPb failed
[2026-06-09 06:57:52.455] [global] [info] [app_context.cc:392] TryGetTrunkConfigPb failed
[2026-06-09 06:57:52.458] [global] [info] [app_context.cc:392] TryGetTrunkConfigPb failed
[2026-06-09 06:58:00.111] [global] [info] [git_source_control.cc:517] Computing merge base between 875b6ded2459c9b873fe7b1047081a1f46cfa701 and 21c6480d30042b923418b3bdbac852d5746a96b9
[2026-06-09 06:58:00.111] [global] [info] [git_source_control.cc:519] Resolved divergent commit as cbfbf7a7de1b4008a503fe80ac360b62c5043800
[2026-06-09 06:58:00.118] [global] [info] [app_context.cc:392] TryGetTrunkConfigPb failed
[2026-06-09 06:58:00.118] [global] [info] [app_context.cc:392] TryGetTrunkConfigPb failed
[2026-06-09 06:58:00.121] [global] [info] [app_context.cc:392] TryGetTrunkConfigPb failed
[2026-06-09 06:58:00.125] [global] [info] [app_context.cc:392] TryGetTrunkConfigPb failed
[2026-06-09 06:58:01.958] [global] [info] [git_source_control.cc:517] Computing merge base between 875b6ded2459c9b873fe7b1047081a1f46cfa701 and 21c6480d30042b923418b3bdbac852d5746a96b9
[2026-06-09 06:58:01.958] [global] [info] [git_source_control.cc:519] Resolved divergent commit as cbfbf7a7de1b4008a503fe80ac360b62c5043800
[2026-06-09 06:58:01.964] [global] [info] [app_context.cc:392] TryGetTrunkConfigPb failed
[2026-06-09 06:58:01.965] [global] [info] [app_context.cc:392] TryGetTrunkConfigPb failed
[2026-06-09 06:58:01.968] [global] [info] [app_context.cc:392] TryGetTrunkConfigPb failed
[2026-06-09 06:58:01.971] [global] [info] [app_context.cc:392] TryGetTrunkConfigPb failed
[2026-06-09 06:58:29.278] [global] [info] [git_source_control.cc:517] Computing merge base between 875b6ded2459c9b873fe7b1047081a1f46cfa701 and 21c6480d30042b923418b3bdbac852d5746a96b9
[2026-06-09 06:58:29.278] [global] [info] [git_source_control.cc:519] Resolved divergent commit as cbfbf7a7de1b4008a503fe80ac360b62c5043800
[2026-06-09 06:58:29.282] [global] [info] [app_context.cc:392] TryGetTrunkConfigPb failed
[2026-06-09 06:58:29.282] [global] [info] [app_context.cc:392] TryGetTrunkConfigPb failed
[2026-06-09 06:58:29.285] [global] [info] [app_context.cc:392] TryGetTrunkConfigPb failed
[2026-06-09 06:58:29.293] [global] [info] [app_context.cc:392] TryGetTrunkConfigPb failed
[2026-06-09 06:58:55.806] [global] [info] [git_source_control.cc:517] Computing merge base between 875b6ded2459c9b873fe7b1047081a1f46cfa701 and 21c6480d30042b923418b3bdbac852d5746a96b9
[2026-06-09 06:58:55.806] [global] [info] [git_source_control.cc:519] Resolved divergent commit as cbfbf7a7de1b4008a503fe80ac360b62c5043800
[2026-06-09 06:58:55.810] [global] [info] [app_context.cc:392] TryGetTrunkConfigPb failed
[2026-06-09 06:58:55.810] [global] [info] [app_context.cc:392] TryGetTrunkConfigPb failed
[2026-06-09 06:58:55.819] [global] [info] [app_context.cc:392] TryGetTrunkConfigPb failed
[2026-06-09 06:58:55.825] [global] [info] [app_context.cc:392] TryGetTrunkConfigPb failed
[2026-06-09 06:58:56.830] [global] [info] [git_source_control.cc:517] Computing merge base between 875b6ded2459c9b873fe7b1047081a1f46cfa701 and 21c6480d30042b923418b3bdbac852d5746a96b9
[2026-06-09 06:58:56.830] [global] [info] [git_source_control.cc:519] Resolved divergent commit as cbfbf7a7de1b4008a503fe80ac360b62c5043800
[2026-06-09 06:58:56.841] [global] [info] [app_context.cc:392] TryGetTrunkConfigPb failed
[2026-06-09 06:58:56.841] [global] [info] [app_context.cc:392] TryGetTrunkConfigPb failed
[2026-06-09 06:58:56.844] [global] [info] [app_context.cc:392] TryGetTrunkConfigPb failed
[2026-06-09 06:58:56.848] [global] [info] [app_context.cc:392] TryGetTrunkConfigPb failed
[2026-06-09 06:59:03.734] [global] [info] [git_source_control.cc:517] Computing merge base between 875b6ded2459c9b873fe7b1047081a1f46cfa701 and 21c6480d30042b923418b3bdbac852d5746a96b9
[2026-06-09 06:59:03.734] [global] [info] [git_source_control.cc:519] Resolved divergent commit as cbfbf7a7de1b4008a503fe80ac360b62c5043800
[2026-06-09 06:59:03.739] [global] [info] [app_context.cc:392] TryGetTrunkConfigPb failed
[2026-06-09 06:59:03.739] [global] [info] [app_context.cc:392] TryGetTrunkConfigPb failed
[2026-06-09 06:59:03.750] [global] [info] [app_context.cc:392] TryGetTrunkConfigPb failed
[2026-06-09 06:59:03.758] [global] [info] [app_context.cc:392] TryGetTrunkConfigPb failed
[2026-06-09 06:59:41.334] [global] [info] [git_source_control.cc:517] Computing merge base between 875b6ded2459c9b873fe7b1047081a1f46cfa701 and 21c6480d30042b923418b3bdbac852d5746a96b9
[2026-06-09 06:59:41.334] [global] [info] [git_source_control.cc:519] Resolved divergent commit as cbfbf7a7de1b4008a503fe80ac360b62c5043800
[2026-06-09 06:59:41.343] [global] [info] [app_context.cc:392] TryGetTrunkConfigPb failed
[2026-06-09 06:59:41.343] [global] [info] [app_context.cc:392] TryGetTrunkConfigPb failed
[2026-06-09 06:59:41.346] [global] [info] [app_context.cc:392] TryGetTrunkConfigPb failed
[2026-06-09 06:59:41.349] [global] [info] [app_context.cc:392] TryGetTrunkConfigPb failed
[2026-06-09 07:02:55.771] [global] [info] [git_source_control.cc:517] Computing merge base between 875b6ded2459c9b873fe7b1047081a1f46cfa701 and 21c6480d30042b923418b3bdbac852d5746a96b9
[2026-06-09 07:02:55.783] [global] [info] [git_source_control.cc:519] Resolved divergent commit as cbfbf7a7de1b4008a503fe80ac360b62c5043800
[2026-06-09 07:02:55.799] [global] [info] [app_context.cc:392] TryGetTrunkConfigPb failed
[2026-06-09 07:02:55.799] [global] [info] [app_context.cc:392] TryGetTrunkConfigPb failed
[2026-06-09 07:02:55.803] [global] [info] [app_context.cc:392] TryGetTrunkConfigPb failed
[2026-06-09 07:02:55.807] [global] [info] [app_context.cc:392] TryGetTrunkConfigPb failed
[2026-06-09 07:03:02.515] [global] [info] [git_source_control.cc:517] Computing merge base between 875b6ded2459c9b873fe7b1047081a1f46cfa701 and 21c6480d30042b923418b3bdbac852d5746a96b9
[2026-06-09 07:03:02.515] [global] [info] [git_source_control.cc:519] Resolved divergent commit as cbfbf7a7de1b4008a503fe80ac360b62c5043800
[2026-06-09 07:03:02.525] [global] [info] [app_context.cc:392] TryGetTrunkConfigPb failed
[2026-06-09 07:03:02.525] [global] [info] [app_context.cc:392] TryGetTrunkConfigPb failed
[2026-06-09 07:03:02.530] [global] [info] [app_context.cc:392] TryGetTrunkConfigPb failed
[2026-06-09 07:03:02.533] [global] [info] [app_context.cc:392] TryGetTrunkConfigPb failed
[2026-06-09 07:03:04.809] [global] [info] [git_source_control.cc:517] Computing merge base between 875b6ded2459c9b873fe7b1047081a1f46cfa701 and 21c6480d30042b923418b3bdbac852d5746a96b9
[2026-06-09 07:03:04.809] [global] [info] [git_source_control.cc:519] Resolved divergent commit as cbfbf7a7de1b4008a503fe80ac360b62c5043800
[2026-06-09 07:03:04.813] [global] [info] [app_context.cc:392] TryGetTrunkConfigPb failed
[2026-06-09 07:03:04.813] [global] [info] [app_context.cc:392] TryGetTrunkConfigPb failed
[2026-06-09 07:03:04.816] [global] [info] [app_context.cc:392] TryGetTrunkConfigPb failed
[2026-06-09 07:03:04.819] [global] [info] [app_context.cc:392] TryGetTrunkConfigPb failed
[2026-06-09 07:03:06.701] [global] [info] [git_source_control.cc:517] Computing merge base between 875b6ded2459c9b873fe7b1047081a1f46cfa701 and 21c6480d30042b923418b3bdbac852d5746a96b9
[2026-06-09 07:03:06.701] [global] [info] [git_source_control.cc:519] Resolved divergent commit as cbfbf7a7de1b4008a503fe80ac360b62c5043800
[2026-06-09 07:03:06.730] [global] [info] [app_context.cc:392] TryGetTrunkConfigPb failed
[2026-06-09 07:03:06.730] [global] [info] [app_context.cc:392] TryGetTrunkConfigPb failed
[2026-06-09 07:03:06.733] [global] [info] [app_context.cc:392] TryGetTrunkConfigPb failed
[2026-06-09 07:03:06.736] [global] [info] [app_context.cc:392] TryGetTrunkConfigPb failed
[2026-06-09 07:03:07.844] [global] [info] [git_source_control.cc:517] Computing merge base between 875b6ded2459c9b873fe7b1047081a1f46cfa701 and 21c6480d30042b923418b3bdbac852d5746a96b9
[2026-06-09 07:03:07.845] [global] [info] [git_source_control.cc:519] Resolved divergent commit as cbfbf7a7de1b4008a503fe80ac360b62c5043800
[2026-06-09 07:03:07.852] [global] [info] [app_context.cc:392] TryGetTrunkConfigPb failed
[2026-06-09 07:03:07.852] [global] [info] [app_context.cc:392] TryGetTrunkConfigPb failed
[2026-06-09 07:03:07.856] [global] [info] [app_context.cc:392] TryGetTrunkConfigPb failed
[2026-06-09 07:03:07.859] [global] [info] [app_context.cc:392] TryGetTrunkConfigPb failed
[2026-06-09 07:03:14.585] [global] [info] [git_source_control.cc:517] Computing merge base between 875b6ded2459c9b873fe7b1047081a1f46cfa701 and 21c6480d30042b923418b3bdbac852d5746a96b9
[2026-06-09 07:03:14.586] [global] [info] [git_source_control.cc:519] Resolved divergent commit as cbfbf7a7de1b4008a503fe80ac360b62c5043800
[2026-06-09 07:03:14.594] [global] [info] [app_context.cc:392] TryGetTrunkConfigPb failed
[2026-06-09 07:03:14.595] [global] [info] [app_context.cc:392] TryGetTrunkConfigPb failed
[2026-06-09 07:03:14.599] [global] [info] [app_context.cc:392] TryGetTrunkConfigPb failed
[2026-06-09 07:03:14.605] [global] [info] [app_context.cc:392] TryGetTrunkConfigPb failed
[2026-06-09 07:03:15.356] [global] [info] [git_source_control.cc:517] Computing merge base between 875b6ded2459c9b873fe7b1047081a1f46cfa701 and 21c6480d30042b923418b3bdbac852d5746a96b9
[2026-06-09 07:03:15.357] [global] [info] [git_source_control.cc:519] Resolved divergent commit as cbfbf7a7de1b4008a503fe80ac360b62c5043800
[2026-06-09 07:03:15.361] [global] [info] [app_context.cc:392] TryGetTrunkConfigPb failed
[2026-06-09 07:03:15.361] [global] [info] [app_context.cc:392] TryGetTrunkConfigPb failed
[2026-06-09 07:03:15.364] [global] [info] [app_context.cc:392] TryGetTrunkConfigPb failed
[2026-06-09 07:03:15.367] [global] [info] [app_context.cc:392] TryGetTrunkConfigPb failed
[2026-06-09 07:03:24.127] [global] [info] [git_source_control.cc:517] Computing merge base between 875b6ded2459c9b873fe7b1047081a1f46cfa701 and 21c6480d30042b923418b3bdbac852d5746a96b9
[2026-06-09 07:03:24.128] [global] [info] [git_source_control.cc:519] Resolved divergent commit as cbfbf7a7de1b4008a503fe80ac360b62c5043800
[2026-06-09 07:03:24.342] [global] [info] [app_context.cc:392] TryGetTrunkConfigPb failed
[2026-06-09 07:03:24.342] [global] [info] [app_context.cc:392] TryGetTrunkConfigPb failed
[2026-06-09 07:03:24.344] [global] [info] [app_context.cc:392] TryGetTrunkConfigPb failed
[2026-06-09 07:03:24.347] [global] [info] [app_context.cc:392] TryGetTrunkConfigPb failed
[2026-06-09 07:03:26.441] [global] [info] [git_source_control.cc:517] Computing merge base between 875b6ded2459c9b873fe7b1047081a1f46cfa701 and 21c6480d30042b923418b3bdbac852d5746a96b9
[2026-06-09 07:03:26.441] [global] [info] [git_source_control.cc:519] Resolved divergent commit as cbfbf7a7de1b4008a503fe80ac360b62c5043800
[2026-06-09 07:03:26.445] [global] [info] [app_context.cc:392] TryGetTrunkConfigPb failed
[2026-06-09 07:03:26.445] [global] [info] [app_context.cc:392] TryGetTrunkConfigPb failed
[2026-06-09 07:03:26.448] [global] [info] [app_context.cc:392] TryGetTrunkConfigPb failed
[2026-06-09 07:03:26.463] [global] [info] [app_context.cc:392] TryGetTrunkConfigPb failed
[2026-06-09 07:03:28.546] [global] [info] [git_source_control.cc:517] Computing merge base between 875b6ded2459c9b873fe7b1047081a1f46cfa701 and 21c6480d30042b923418b3bdbac852d5746a96b9
[2026-06-09 07:03:28.547] [global] [info] [git_source_control.cc:519] Resolved divergent commit as cbfbf7a7de1b4008a503fe80ac360b62c5043800
[2026-06-09 07:03:28.636] [global] [info] [app_context.cc:392] TryGetTrunkConfigPb failed
[2026-06-09 07:03:28.636] [global] [info] [app_context.cc:392] TryGetTrunkConfigPb failed
[2026-06-09 07:03:28.639] [global] [info] [app_context.cc:392] TryGetTrunkConfigPb failed
[2026-06-09 07:03:28.642] [global] [info] [app_context.cc:392] TryGetTrunkConfigPb failed
[2026-06-09 07:03:29.311] [global] [info] [git_source_control.cc:517] Computing merge base between 875b6ded2459c9b873fe7b1047081a1f46cfa701 and 21c6480d30042b923418b3bdbac852d5746a96b9
[2026-06-09 07:03:29.312] [global] [info] [git_source_control.cc:519] Resolved divergent commit as cbfbf7a7de1b4008a503fe80ac360b62c5043800
[2026-06-09 07:03:29.594] [global] [info] [app_context.cc:392] TryGetTrunkConfigPb failed
[2026-06-09 07:03:29.594] [global] [info] [app_context.cc:392] TryGetTrunkConfigPb failed
[2026-06-09 07:03:29.597] [global] [info] [app_context.cc:392] TryGetTrunkConfigPb failed
[2026-06-09 07:03:29.605] [global] [info] [app_context.cc:392] TryGetTrunkConfigPb failed
[2026-06-09 07:03:30.151] [global] [info] [git_source_control.cc:517] Computing merge base between 875b6ded2459c9b873fe7b1047081a1f46cfa701 and 21c6480d30042b923418b3bdbac852d5746a96b9
[2026-06-09 07:03:30.152] [global] [info] [git_source_control.cc:519] Resolved divergent commit as cbfbf7a7de1b4008a503fe80ac360b62c5043800
[2026-06-09 07:03:30.162] [global] [info] [app_context.cc:392] TryGetTrunkConfigPb failed
[2026-06-09 07:03:30.163] [global] [info] [app_context.cc:392] TryGetTrunkConfigPb failed
[2026-06-09 07:03:30.169] [global] [info] [app_context.cc:392] TryGetTrunkConfigPb failed
[2026-06-09 07:03:30.172] [global] [info] [app_context.cc:392] TryGetTrunkConfigPb failed
[2026-06-09 07:03:33.197] [global] [info] [git_source_control.cc:517] Computing merge base between 875b6ded2459c9b873fe7b1047081a1f46cfa701 and 21c6480d30042b923418b3bdbac852d5746a96b9
[2026-06-09 07:03:33.197] [global] [info] [git_source_control.cc:519] Resolved divergent commit as cbfbf7a7de1b4008a503fe80ac360b62c5043800
[2026-06-09 07:03:33.757] [global] [info] [app_context.cc:392] TryGetTrunkConfigPb failed
[2026-06-09 07:03:33.758] [global] [info] [app_context.cc:392] TryGetTrunkConfigPb failed
[2026-06-09 07:03:33.760] [global] [info] [app_context.cc:392] TryGetTrunkConfigPb failed
[2026-06-09 07:03:33.763] [global] [info] [app_context.cc:392] TryGetTrunkConfigPb failed
[2026-06-09 07:03:33.764] [global] [info] [git_source_control.cc:517] Computing merge base between 875b6ded2459c9b873fe7b1047081a1f46cfa701 and 21c6480d30042b923418b3bdbac852d5746a96b9
[2026-06-09 07:03:33.765] [global] [info] [git_source_control.cc:519] Resolved divergent commit as cbfbf7a7de1b4008a503fe80ac360b62c5043800
[2026-06-09 07:03:33.769] [global] [info] [app_context.cc:392] TryGetTrunkConfigPb failed
[2026-06-09 07:03:33.769] [global] [info] [app_context.cc:392] TryGetTrunkConfigPb failed
[2026-06-09 07:03:33.772] [global] [info] [app_context.cc:392] TryGetTrunkConfigPb failed
[2026-06-09 07:03:33.775] [global] [info] [app_context.cc:392] TryGetTrunkConfigPb failed
[2026-06-09 07:03:41.595] [global] [info] [git_source_control.cc:517] Computing merge base between 875b6ded2459c9b873fe7b1047081a1f46cfa701 and 21c6480d30042b923418b3bdbac852d5746a96b9
[2026-06-09 07:03:41.595] [global] [info] [git_source_control.cc:519] Resolved divergent commit as cbfbf7a7de1b4008a503fe80ac360b62c5043800
[2026-06-09 07:03:41.603] [global] [info] [app_context.cc:392] TryGetTrunkConfigPb failed
[2026-06-09 07:03:41.603] [global] [info] [app_context.cc:392] TryGetTrunkConfigPb failed
[2026-06-09 07:03:41.607] [global] [info] [app_context.cc:392] TryGetTrunkConfigPb failed
[2026-06-09 07:03:41.612] [global] [info] [app_context.cc:392] TryGetTrunkConfigPb failed
[2026-06-09 07:03:42.852] [global] [info] [git_source_control.cc:517] Computing merge base between 875b6ded2459c9b873fe7b1047081a1f46cfa701 and 21c6480d30042b923418b3bdbac852d5746a96b9
[2026-06-09 07:03:42.853] [global] [info] [git_source_control.cc:519] Resolved divergent commit as cbfbf7a7de1b4008a503fe80ac360b62c5043800
[2026-06-09 07:03:42.858] [global] [info] [app_context.cc:392] TryGetTrunkConfigPb failed
[2026-06-09 07:03:42.858] [global] [info] [app_context.cc:392] TryGetTrunkConfigPb failed
[2026-06-09 07:03:42.861] [global] [info] [app_context.cc:392] TryGetTrunkConfigPb failed
[2026-06-09 07:03:42.869] [global] [info] [app_context.cc:392] TryGetTrunkConfigPb failed
[2026-06-09 07:03:47.220] [global] [info] [git_source_control.cc:517] Computing merge base between 875b6ded2459c9b873fe7b1047081a1f46cfa701 and 21c6480d30042b923418b3bdbac852d5746a96b9
[2026-06-09 07:03:47.220] [global] [info] [git_source_control.cc:519] Resolved divergent commit as cbfbf7a7de1b4008a503fe80ac360b62c5043800
[2026-06-09 07:03:47.226] [global] [info] [app_context.cc:392] TryGetTrunkConfigPb failed
[2026-06-09 07:03:47.226] [global] [info] [app_context.cc:392] TryGetTrunkConfigPb failed
[2026-06-09 07:03:47.241] [global] [info] [app_context.cc:392] TryGetTrunkConfigPb failed
[2026-06-09 07:03:47.243] [global] [info] [app_context.cc:392] TryGetTrunkConfigPb failed
[2026-06-09 07:04:09.053] [global] [info] [git_source_control.cc:517] Computing merge base between 875b6ded2459c9b873fe7b1047081a1f46cfa701 and 21c6480d30042b923418b3bdbac852d5746a96b9
[2026-06-09 07:04:09.053] [global] [info] [git_source_control.cc:519] Resolved divergent commit as cbfbf7a7de1b4008a503fe80ac360b62c5043800
[2026-06-09 07:04:09.251] [global] [info] [app_context.cc:392] TryGetTrunkConfigPb failed
[2026-06-09 07:04:09.251] [global] [info] [app_context.cc:392] TryGetTrunkConfigPb failed
[2026-06-09 07:04:09.254] [global] [info] [app_context.cc:392] TryGetTrunkConfigPb failed
[2026-06-09 07:04:09.262] [global] [info] [app_context.cc:392] TryGetTrunkConfigPb failed
[2026-06-09 07:04:12.995] [global] [info] [git_source_control.cc:517] Computing merge base between 875b6ded2459c9b873fe7b1047081a1f46cfa701 and 21c6480d30042b923418b3bdbac852d5746a96b9
[2026-06-09 07:04:12.996] [global] [info] [git_source_control.cc:519] Resolved divergent commit as cbfbf7a7de1b4008a503fe80ac360b62c5043800
[2026-06-09 07:04:13.000] [global] [info] [app_context.cc:392] TryGetTrunkConfigPb failed
[2026-06-09 07:04:13.000] [global] [info] [app_context.cc:392] TryGetTrunkConfigPb failed
[2026-06-09 07:04:13.003] [global] [info] [app_context.cc:392] TryGetTrunkConfigPb failed
[2026-06-09 07:04:13.010] [global] [info] [app_context.cc:392] TryGetTrunkConfigPb failed
[2026-06-09 07:04:15.141] [global] [info] [git_source_control.cc:517] Computing merge base between 875b6ded2459c9b873fe7b1047081a1f46cfa701 and 21c6480d30042b923418b3bdbac852d5746a96b9
[2026-06-09 07:04:15.141] [global] [info] [git_source_control.cc:519] Resolved divergent commit as cbfbf7a7de1b4008a503fe80ac360b62c5043800
[2026-06-09 07:04:15.145] [global] [info] [app_context.cc:392] TryGetTrunkConfigPb failed
[2026-06-09 07:04:15.145] [global] [info] [app_context.cc:392] TryGetTrunkConfigPb failed
[2026-06-09 07:04:15.149] [global] [info] [app_context.cc:392] TryGetTrunkConfigPb failed
[2026-06-09 07:04:15.152] [global] [info] [app_context.cc:392] TryGetTrunkConfigPb failed
[2026-06-09 07:04:28.403] [global] [info] [git_source_control.cc:517] Computing merge base between 875b6ded2459c9b873fe7b1047081a1f46cfa701 and 21c6480d30042b923418b3bdbac852d5746a96b9
[2026-06-09 07:04:28.403] [global] [info] [git_source_control.cc:519] Resolved divergent commit as cbfbf7a7de1b4008a503fe80ac360b62c5043800
[2026-06-09 07:04:28.409] [global] [info] [app_context.cc:392] TryGetTrunkConfigPb failed
[2026-06-09 07:04:28.409] [global] [info] [app_context.cc:392] TryGetTrunkConfigPb failed
[2026-06-09 07:04:28.414] [global] [info] [app_context.cc:392] TryGetTrunkConfigPb failed
[2026-06-09 07:04:28.416] [global] [info] [app_context.cc:392] TryGetTrunkConfigPb failed
[2026-06-09 07:04:30.615] [global] [info] [git_source_control.cc:517] Computing merge base between 875b6ded2459c9b873fe7b1047081a1f46cfa701 and 21c6480d30042b923418b3bdbac852d5746a96b9
[2026-06-09 07:04:30.615] [global] [info] [git_source_control.cc:519] Resolved divergent commit as cbfbf7a7de1b4008a503fe80ac360b62c5043800
[2026-06-09 07:04:30.626] [global] [info] [app_context.cc:392] TryGetTrunkConfigPb failed
[2026-06-09 07:04:30.627] [global] [info] [app_context.cc:392] TryGetTrunkConfigPb failed
[2026-06-09 07:04:30.631] [global] [info] [app_context.cc:392] TryGetTrunkConfigPb failed
[2026-06-09 07:04:30.640] [global] [info] [app_context.cc:392] TryGetTrunkConfigPb failed
[2026-06-09 07:04:45.678] [global] [info] [git_source_control.cc:517] Computing merge base between 875b6ded2459c9b873fe7b1047081a1f46cfa701 and 21c6480d30042b923418b3bdbac852d5746a96b9
[2026-06-09 07:04:45.679] [global] [info] [git_source_control.cc:519] Resolved divergent commit as cbfbf7a7de1b4008a503fe80ac360b62c5043800
[2026-06-09 07:04:45.922] [global] [info] [app_context.cc:392] TryGetTrunkConfigPb failed
[2026-06-09 07:04:45.922] [global] [info] [app_context.cc:392] TryGetTrunkConfigPb failed
[2026-06-09 07:04:45.926] [global] [info] [app_context.cc:392] TryGetTrunkConfigPb failed
[2026-06-09 07:04:45.929] [global] [info] [app_context.cc:392] TryGetTrunkConfigPb failed
[2026-06-09 07:04:51.677] [global] [info] [git_source_control.cc:517] Computing merge base between 875b6ded2459c9b873fe7b1047081a1f46cfa701 and 21c6480d30042b923418b3bdbac852d5746a96b9
[2026-06-09 07:04:51.677] [global] [info] [git_source_control.cc:519] Resolved divergent commit as cbfbf7a7de1b4008a503fe80ac360b62c5043800
[2026-06-09 07:04:51.686] [global] [info] [app_context.cc:392] TryGetTrunkConfigPb failed
[2026-06-09 07:04:51.686] [global] [info] [app_context.cc:392] TryGetTrunkConfigPb failed
[2026-06-09 07:04:51.689] [global] [info] [app_context.cc:392] TryGetTrunkConfigPb failed
[2026-06-09 07:04:51.694] [global] [info] [app_context.cc:392] TryGetTrunkConfigPb failed
[2026-06-09 07:04:55.527] [global] [info] [git_source_control.cc:517] Computing merge base between 875b6ded2459c9b873fe7b1047081a1f46cfa701 and 21c6480d30042b923418b3bdbac852d5746a96b9
[2026-06-09 07:04:55.528] [global] [info] [git_source_control.cc:519] Resolved divergent commit as cbfbf7a7de1b4008a503fe80ac360b62c5043800
[2026-06-09 07:04:55.536] [global] [info] [app_context.cc:392] TryGetTrunkConfigPb failed
[2026-06-09 07:04:55.536] [global] [info] [app_context.cc:392] TryGetTrunkConfigPb failed
[2026-06-09 07:04:55.539] [global] [info] [app_context.cc:392] TryGetTrunkConfigPb failed
[2026-06-09 07:04:55.542] [global] [info] [app_context.cc:392] TryGetTrunkConfigPb failed
[2026-06-09 07:05:09.613] [global] [info] [git_source_control.cc:517] Computing merge base between 875b6ded2459c9b873fe7b1047081a1f46cfa701 and 21c6480d30042b923418b3bdbac852d5746a96b9
[2026-06-09 07:05:09.614] [global] [info] [git_source_control.cc:519] Resolved divergent commit as cbfbf7a7de1b4008a503fe80ac360b62c5043800
[2026-06-09 07:05:09.649] [global] [info] [app_context.cc:392] TryGetTrunkConfigPb failed
[2026-06-09 07:05:09.649] [global] [info] [app_context.cc:392] TryGetTrunkConfigPb failed
[2026-06-09 07:05:09.652] [global] [info] [app_context.cc:392] TryGetTrunkConfigPb failed
[2026-06-09 07:05:09.665] [global] [info] [app_context.cc:392] TryGetTrunkConfigPb failed
[2026-06-09 07:05:11.523] [global] [info] [git_source_control.cc:517] Computing merge base between 875b6ded2459c9b873fe7b1047081a1f46cfa701 and 21c6480d30042b923418b3bdbac852d5746a96b9
[2026-06-09 07:05:11.527] [global] [info] [git_source_control.cc:519] Resolved divergent commit as cbfbf7a7de1b4008a503fe80ac360b62c5043800
[2026-06-09 07:05:11.531] [global] [info] [app_context.cc:392] TryGetTrunkConfigPb failed
[2026-06-09 07:05:11.531] [global] [info] [app_context.cc:392] TryGetTrunkConfigPb failed
[2026-06-09 07:05:11.535] [global] [info] [app_context.cc:392] TryGetTrunkConfigPb failed
[2026-06-09 07:05:11.537] [global] [info] [app_context.cc:392] TryGetTrunkConfigPb failed
[2026-06-09 07:05:24.531] [global] [info] [git_source_control.cc:517] Computing merge base between 875b6ded2459c9b873fe7b1047081a1f46cfa701 and 21c6480d30042b923418b3bdbac852d5746a96b9
[2026-06-09 07:05:24.531] [global] [info] [git_source_control.cc:519] Resolved divergent commit as cbfbf7a7de1b4008a503fe80ac360b62c5043800
[2026-06-09 07:05:24.550] [global] [info] [app_context.cc:392] TryGetTrunkConfigPb failed
[2026-06-09 07:05:24.551] [global] [info] [app_context.cc:392] TryGetTrunkConfigPb failed
[2026-06-09 07:05:24.561] [global] [info] [app_context.cc:392] TryGetTrunkConfigPb failed
[2026-06-09 07:05:24.563] [global] [info] [app_context.cc:392] TryGetTrunkConfigPb failed
[2026-06-09 07:05:28.642] [global] [info] [git_source_control.cc:517] Computing merge base between 875b6ded2459c9b873fe7b1047081a1f46cfa701 and 21c6480d30042b923418b3bdbac852d5746a96b9
[2026-06-09 07:05:28.643] [global] [info] [git_source_control.cc:519] Resolved divergent commit as cbfbf7a7de1b4008a503fe80ac360b62c5043800
[2026-06-09 07:05:28.779] [global] [info] [app_context.cc:392] TryGetTrunkConfigPb failed
[2026-06-09 07:05:28.779] [global] [info] [app_context.cc:392] TryGetTrunkConfigPb failed
[2026-06-09 07:05:28.782] [global] [info] [app_context.cc:392] TryGetTrunkConfigPb failed
[2026-06-09 07:05:28.785] [global] [info] [app_context.cc:392] TryGetTrunkConfigPb failed
[2026-06-09 07:05:29.714] [global] [info] [git_source_control.cc:517] Computing merge base between 875b6ded2459c9b873fe7b1047081a1f46cfa701 and 21c6480d30042b923418b3bdbac852d5746a96b9
[2026-06-09 07:05:29.715] [global] [info] [git_source_control.cc:519] Resolved divergent commit as cbfbf7a7de1b4008a503fe80ac360b62c5043800
[2026-06-09 07:05:29.719] [global] [info] [app_context.cc:392] TryGetTrunkConfigPb failed
[2026-06-09 07:05:29.720] [global] [info] [app_context.cc:392] TryGetTrunkConfigPb failed
[2026-06-09 07:05:29.724] [global] [info] [app_context.cc:392] TryGetTrunkConfigPb failed
[2026-06-09 07:05:29.729] [global] [info] [app_context.cc:392] TryGetTrunkConfigPb failed
[2026-06-09 07:05:35.324] [global] [info] [git_source_control.cc:517] Computing merge base between 875b6ded2459c9b873fe7b1047081a1f46cfa701 and 21c6480d30042b923418b3bdbac852d5746a96b9
[2026-06-09 07:05:35.325] [global] [info] [git_source_control.cc:519] Resolved divergent commit as cbfbf7a7de1b4008a503fe80ac360b62c5043800
[2026-06-09 07:05:35.331] [global] [info] [app_context.cc:392] TryGetTrunkConfigPb failed
[2026-06-09 07:05:35.331] [global] [info] [app_context.cc:392] TryGetTrunkConfigPb failed
[2026-06-09 07:05:35.336] [global] [info] [app_context.cc:392] TryGetTrunkConfigPb failed
[2026-06-09 07:05:35.340] [global] [info] [app_context.cc:392] TryGetTrunkConfigPb failed
[2026-06-09 07:05:36.116] [global] [info] [git_source_control.cc:517] Computing merge base between 875b6ded2459c9b873fe7b1047081a1f46cfa701 and 21c6480d30042b923418b3bdbac852d5746a96b9
[2026-06-09 07:05:36.117] [global] [info] [git_source_control.cc:519] Resolved divergent commit as cbfbf7a7de1b4008a503fe80ac360b62c5043800
[2026-06-09 07:05:36.125] [global] [info] [app_context.cc:392] TryGetTrunkConfigPb failed
[2026-06-09 07:05:36.126] [global] [info] [app_context.cc:392] TryGetTrunkConfigPb failed
[2026-06-09 07:05:36.130] [global] [info] [app_context.cc:392] TryGetTrunkConfigPb failed
[2026-06-09 07:05:36.133] [global] [info] [app_context.cc:392] TryGetTrunkConfigPb failed
[2026-06-09 07:05:48.357] [global] [info] [git_source_control.cc:517] Computing merge base between 875b6ded2459c9b873fe7b1047081a1f46cfa701 and 21c6480d30042b923418b3bdbac852d5746a96b9
[2026-06-09 07:05:48.358] [global] [info] [git_source_control.cc:519] Resolved divergent commit as cbfbf7a7de1b4008a503fe80ac360b62c5043800
[2026-06-09 07:05:48.361] [global] [info] [app_context.cc:392] TryGetTrunkConfigPb failed
[2026-06-09 07:05:48.361] [global] [info] [app_context.cc:392] TryGetTrunkConfigPb failed
[2026-06-09 07:05:48.366] [global] [info] [app_context.cc:392] TryGetTrunkConfigPb failed
[2026-06-09 07:05:48.370] [global] [info] [app_context.cc:392] TryGetTrunkConfigPb failed
[2026-06-09 07:06:04.943] [global] [info] [git_source_control.cc:517] Computing merge base between 875b6ded2459c9b873fe7b1047081a1f46cfa701 and 21c6480d30042b923418b3bdbac852d5746a96b9
[2026-06-09 07:06:04.943] [global] [info] [git_source_control.cc:519] Resolved divergent commit as cbfbf7a7de1b4008a503fe80ac360b62c5043800
[2026-06-09 07:06:04.947] [global] [info] [app_context.cc:392] TryGetTrunkConfigPb failed
[2026-06-09 07:06:04.947] [global] [info] [app_context.cc:392] TryGetTrunkConfigPb failed
[2026-06-09 07:06:04.950] [global] [info] [app_context.cc:392] TryGetTrunkConfigPb failed
[2026-06-09 07:06:04.953] [global] [info] [app_context.cc:392] TryGetTrunkConfigPb failed
[2026-06-09 07:08:21.024] [global] [info] [git_source_control.cc:517] Computing merge base between 875b6ded2459c9b873fe7b1047081a1f46cfa701 and 21c6480d30042b923418b3bdbac852d5746a96b9
[2026-06-09 07:08:21.025] [global] [info] [git_source_control.cc:519] Resolved divergent commit as cbfbf7a7de1b4008a503fe80ac360b62c5043800
[2026-06-09 07:08:21.030] [global] [info] [app_context.cc:392] TryGetTrunkConfigPb failed
[2026-06-09 07:08:21.030] [global] [info] [app_context.cc:392] TryGetTrunkConfigPb failed
[2026-06-09 07:08:21.033] [global] [info] [app_context.cc:392] TryGetTrunkConfigPb failed
[2026-06-09 07:08:21.036] [global] [info] [app_context.cc:392] TryGetTrunkConfigPb failed
[2026-06-09 07:08:34.638] [global] [info] [git_source_control.cc:517] Computing merge base between 875b6ded2459c9b873fe7b1047081a1f46cfa701 and 21c6480d30042b923418b3bdbac852d5746a96b9
[2026-06-09 07:08:34.638] [global] [info] [git_source_control.cc:519] Resolved divergent commit as cbfbf7a7de1b4008a503fe80ac360b62c5043800
[2026-06-09 07:08:34.643] [global] [info] [app_context.cc:392] TryGetTrunkConfigPb failed
[2026-06-09 07:08:34.643] [global] [info] [app_context.cc:392] TryGetTrunkConfigPb failed
[2026-06-09 07:08:34.645] [global] [info] [app_context.cc:392] TryGetTrunkConfigPb failed
[2026-06-09 07:08:34.649] [global] [info] [app_context.cc:392] TryGetTrunkConfigPb failed
[2026-06-09 07:10:13.608] [global] [info] [git_source_control.cc:517] Computing merge base between 875b6ded2459c9b873fe7b1047081a1f46cfa701 and 21c6480d30042b923418b3bdbac852d5746a96b9
[2026-06-09 07:10:13.609] [global] [info] [git_source_control.cc:519] Resolved divergent commit as cbfbf7a7de1b4008a503fe80ac360b62c5043800
[2026-06-09 07:10:13.615] [global] [info] [app_context.cc:392] TryGetTrunkConfigPb failed
[2026-06-09 07:10:13.615] [global] [info] [app_context.cc:392] TryGetTrunkConfigPb failed
[2026-06-09 07:10:13.621] [global] [info] [app_context.cc:392] TryGetTrunkConfigPb failed
[2026-06-09 07:10:13.625] [global] [info] [app_context.cc:392] TryGetTrunkConfigPb failed
[2026-06-09 07:10:25.945] [global] [info] [git_source_control.cc:517] Computing merge base between 875b6ded2459c9b873fe7b1047081a1f46cfa701 and 21c6480d30042b923418b3bdbac852d5746a96b9
[2026-06-09 07:10:25.946] [global] [info] [git_source_control.cc:519] Resolved divergent commit as cbfbf7a7de1b4008a503fe80ac360b62c5043800
[2026-06-09 07:10:25.950] [global] [info] [app_context.cc:392] TryGetTrunkConfigPb failed
[2026-06-09 07:10:25.950] [global] [info] [app_context.cc:392] TryGetTrunkConfigPb failed
[2026-06-09 07:10:25.952] [global] [info] [app_context.cc:392] TryGetTrunkConfigPb failed
[2026-06-09 07:10:25.955] [global] [info] [app_context.cc:392] TryGetTrunkConfigPb failed
[2026-06-09 07:10:57.070] [global] [info] [runner.cc:154] Executing action trunk-upgrade-available.schedule.1h
[2026-06-09 07:10:57.073] [global] [warning] [runtime.cc:149] 'git_bash' is not enabled but GetVersion() was called
[2026-06-09 07:10:57.082] [global] [error] [runtime.cc:160] Prepare called on runtime that is not enabled. Will do nothing
[2026-06-09 07:10:57.101] [global] [warning] [resolve_binary.cc:46] is_regular_file check failed for for C:\/bin\bash.bat // 3:The system cannot find the path specified.
[2026-06-09 07:10:57.101] [global] [warning] [resolve_binary.cc:46] is_regular_file check failed for for C:\/bin\bash // 3:The system cannot find the path specified.
[2026-06-09 07:10:57.101] [global] [warning] [resolve_binary.cc:46] is_regular_file check failed for for C:\/bin\bash.exe // 3:The system cannot find the path specified.
[2026-06-09 07:10:57.101] [global] [warning] [resolve_binary.cc:46] is_regular_file check failed for for C:\/usr/bin\bash.bat // 3:The system cannot find the path specified.
[2026-06-09 07:10:57.101] [global] [warning] [resolve_binary.cc:46] is_regular_file check failed for for C:\/usr/bin\bash // 3:The system cannot find the path specified.
[2026-06-09 07:10:57.101] [global] [warning] [resolve_binary.cc:46] is_regular_file check failed for for C:\/usr/bin\bash.exe // 3:The system cannot find the path specified.
[2026-06-09 07:37:57.369] [global] [info] [git_source_control.cc:517] Computing merge base between 875b6ded2459c9b873fe7b1047081a1f46cfa701 and 21c6480d30042b923418b3bdbac852d5746a96b9
[2026-06-09 07:37:57.371] [global] [info] [git_source_control.cc:519] Resolved divergent commit as cbfbf7a7de1b4008a503fe80ac360b62c5043800
[2026-06-09 07:37:57.379] [global] [info] [app_context.cc:392] TryGetTrunkConfigPb failed
[2026-06-09 07:37:57.379] [global] [info] [app_context.cc:392] TryGetTrunkConfigPb failed
[2026-06-09 07:37:57.383] [global] [info] [app_context.cc:392] TryGetTrunkConfigPb failed
[2026-06-09 07:37:57.386] [global] [info] [app_context.cc:392] TryGetTrunkConfigPb failed
[2026-06-09 07:37:58.307] [global] [info] [git_source_control.cc:517] Computing merge base between 875b6ded2459c9b873fe7b1047081a1f46cfa701 and 21c6480d30042b923418b3bdbac852d5746a96b9
[2026-06-09 07:37:58.308] [global] [info] [git_source_control.cc:519] Resolved divergent commit as cbfbf7a7de1b4008a503fe80ac360b62c5043800
[2026-06-09 07:37:58.313] [global] [info] [app_context.cc:392] TryGetTrunkConfigPb failed
[2026-06-09 07:37:58.314] [global] [info] [app_context.cc:392] TryGetTrunkConfigPb failed
[2026-06-09 07:37:58.317] [global] [info] [app_context.cc:392] TryGetTrunkConfigPb failed
[2026-06-09 07:37:58.334] [global] [info] [app_context.cc:392] TryGetTrunkConfigPb failed
[2026-06-09 07:37:59.089] [global] [info] [git_source_control.cc:517] Computing merge base between 875b6ded2459c9b873fe7b1047081a1f46cfa701 and 21c6480d30042b923418b3bdbac852d5746a96b9
[2026-06-09 07:37:59.090] [global] [info] [git_source_control.cc:519] Resolved divergent commit as cbfbf7a7de1b4008a503fe80ac360b62c5043800
[2026-06-09 07:37:59.094] [global] [info] [app_context.cc:392] TryGetTrunkConfigPb failed
[2026-06-09 07:37:59.094] [global] [info] [app_context.cc:392] TryGetTrunkConfigPb failed
[2026-06-09 07:37:59.107] [global] [info] [app_context.cc:392] TryGetTrunkConfigPb failed
[2026-06-09 07:37:59.110] [global] [info] [app_context.cc:392] TryGetTrunkConfigPb failed
[2026-06-09 07:38:14.616] [global] [info] [git_source_control.cc:517] Computing merge base between 875b6ded2459c9b873fe7b1047081a1f46cfa701 and 21c6480d30042b923418b3bdbac852d5746a96b9
[2026-06-09 07:38:14.616] [global] [info] [git_source_control.cc:519] Resolved divergent commit as cbfbf7a7de1b4008a503fe80ac360b62c5043800
[2026-06-09 07:38:14.621] [global] [info] [app_context.cc:392] TryGetTrunkConfigPb failed
[2026-06-09 07:38:14.621] [global] [info] [app_context.cc:392] TryGetTrunkConfigPb failed
[2026-06-09 07:38:14.626] [global] [info] [app_context.cc:392] TryGetTrunkConfigPb failed
[2026-06-09 07:38:14.629] [global] [info] [app_context.cc:392] TryGetTrunkConfigPb failed
[2026-06-09 07:38:15.604] [global] [info] [git_source_control.cc:517] Computing merge base between 875b6ded2459c9b873fe7b1047081a1f46cfa701 and 21c6480d30042b923418b3bdbac852d5746a96b9
[2026-06-09 07:38:15.605] [global] [info] [git_source_control.cc:519] Resolved divergent commit as cbfbf7a7de1b4008a503fe80ac360b62c5043800
[2026-06-09 07:38:15.615] [global] [info] [app_context.cc:392] TryGetTrunkConfigPb failed
[2026-06-09 07:38:15.615] [global] [info] [app_context.cc:392] TryGetTrunkConfigPb failed
[2026-06-09 07:38:15.619] [global] [info] [app_context.cc:392] TryGetTrunkConfigPb failed
[2026-06-09 07:38:15.623] [global] [info] [app_context.cc:392] TryGetTrunkConfigPb failed
[2026-06-09 07:38:16.827] [global] [info] [git_source_control.cc:517] Computing merge base between 875b6ded2459c9b873fe7b1047081a1f46cfa701 and 21c6480d30042b923418b3bdbac852d5746a96b9
[2026-06-09 07:38:16.827] [global] [info] [git_source_control.cc:519] Resolved divergent commit as cbfbf7a7de1b4008a503fe80ac360b62c5043800
[2026-06-09 07:38:16.877] [global] [info] [app_context.cc:392] TryGetTrunkConfigPb failed
[2026-06-09 07:38:16.879] [global] [info] [app_context.cc:392] TryGetTrunkConfigPb failed
[2026-06-09 07:38:16.886] [global] [info] [app_context.cc:392] TryGetTrunkConfigPb failed
[2026-06-09 07:38:16.903] [global] [info] [app_context.cc:392] TryGetTrunkConfigPb failed
[2026-06-09 07:38:23.436] [global] [info] [git_source_control.cc:517] Computing merge base between 875b6ded2459c9b873fe7b1047081a1f46cfa701 and 21c6480d30042b923418b3bdbac852d5746a96b9
[2026-06-09 07:38:23.436] [global] [info] [git_source_control.cc:519] Resolved divergent commit as cbfbf7a7de1b4008a503fe80ac360b62c5043800
[2026-06-09 07:38:23.442] [global] [info] [app_context.cc:392] TryGetTrunkConfigPb failed
[2026-06-09 07:38:23.442] [global] [info] [app_context.cc:392] TryGetTrunkConfigPb failed
[2026-06-09 07:38:23.446] [global] [info] [app_context.cc:392] TryGetTrunkConfigPb failed
[2026-06-09 07:38:23.451] [global] [info] [app_context.cc:392] TryGetTrunkConfigPb failed
[2026-06-09 07:38:36.192] [global] [info] [git_source_control.cc:517] Computing merge base between 875b6ded2459c9b873fe7b1047081a1f46cfa701 and 21c6480d30042b923418b3bdbac852d5746a96b9
[2026-06-09 07:38:36.193] [global] [info] [git_source_control.cc:519] Resolved divergent commit as cbfbf7a7de1b4008a503fe80ac360b62c5043800
[2026-06-09 07:38:36.199] [global] [info] [app_context.cc:392] TryGetTrunkConfigPb failed
[2026-06-09 07:38:36.199] [global] [info] [app_context.cc:392] TryGetTrunkConfigPb failed
[2026-06-09 07:38:36.203] [global] [info] [app_context.cc:392] TryGetTrunkConfigPb failed
[2026-06-09 07:38:36.207] [global] [info] [app_context.cc:392] TryGetTrunkConfigPb failed
[2026-06-09 07:40:12.828] [global] [info] [git_source_control.cc:517] Computing merge base between 875b6ded2459c9b873fe7b1047081a1f46cfa701 and 21c6480d30042b923418b3bdbac852d5746a96b9
[2026-06-09 07:40:12.828] [global] [info] [git_source_control.cc:519] Resolved divergent commit as cbfbf7a7de1b4008a503fe80ac360b62c5043800
[2026-06-09 07:40:12.833] [global] [info] [app_context.cc:392] TryGetTrunkConfigPb failed
[2026-06-09 07:40:12.833] [global] [info] [app_context.cc:392] TryGetTrunkConfigPb failed
[2026-06-09 07:40:12.836] [global] [info] [app_context.cc:392] TryGetTrunkConfigPb failed
[2026-06-09 07:40:12.842] [global] [info] [app_context.cc:392] TryGetTrunkConfigPb failed
[2026-06-09 07:40:31.597] [global] [info] [git_source_control.cc:517] Computing merge base between 875b6ded2459c9b873fe7b1047081a1f46cfa701 and 21c6480d30042b923418b3bdbac852d5746a96b9
[2026-06-09 07:40:31.597] [global] [info] [git_source_control.cc:519] Resolved divergent commit as cbfbf7a7de1b4008a503fe80ac360b62c5043800
[2026-06-09 07:40:31.602] [global] [info] [app_context.cc:392] TryGetTrunkConfigPb failed
[2026-06-09 07:40:31.602] [global] [info] [app_context.cc:392] TryGetTrunkConfigPb failed
[2026-06-09 07:40:31.605] [global] [info] [app_context.cc:392] TryGetTrunkConfigPb failed
[2026-06-09 07:40:31.607] [global] [info] [app_context.cc:392] TryGetTrunkConfigPb failed
[2026-06-09 07:40:56.267] [global] [info] [git_source_control.cc:517] Computing merge base between 33c28ff1c50db11d0d4aaf07ec83749cdea39f78 and 21c6480d30042b923418b3bdbac852d5746a96b9
[2026-06-09 07:40:56.399] [global] [info] [git_source_control.cc:519] Resolved divergent commit as cbfbf7a7de1b4008a503fe80ac360b62c5043800
[2026-06-09 07:40:56.411] [global] [info] [app_context.cc:392] TryGetTrunkConfigPb failed
[2026-06-09 07:40:56.411] [global] [info] [app_context.cc:392] TryGetTrunkConfigPb failed
[2026-06-09 07:40:56.414] [global] [info] [app_context.cc:392] TryGetTrunkConfigPb failed
[2026-06-09 07:40:56.420] [global] [info] [app_context.cc:392] TryGetTrunkConfigPb failed
[2026-06-09 07:41:11.719] [global] [info] [git_source_control.cc:517] Computing merge base between 33c28ff1c50db11d0d4aaf07ec83749cdea39f78 and 21c6480d30042b923418b3bdbac852d5746a96b9
[2026-06-09 07:41:11.719] [global] [info] [git_source_control.cc:519] Resolved divergent commit as cbfbf7a7de1b4008a503fe80ac360b62c5043800
[2026-06-09 07:41:11.723] [global] [info] [app_context.cc:392] TryGetTrunkConfigPb failed
[2026-06-09 07:41:11.724] [global] [info] [app_context.cc:392] TryGetTrunkConfigPb failed
[2026-06-09 07:41:11.727] [global] [info] [app_context.cc:392] TryGetTrunkConfigPb failed
[2026-06-09 07:41:11.730] [global] [info] [app_context.cc:392] TryGetTrunkConfigPb failed
[2026-06-09 07:41:13.391] [global] [info] [git_source_control.cc:517] Computing merge base between 33c28ff1c50db11d0d4aaf07ec83749cdea39f78 and 21c6480d30042b923418b3bdbac852d5746a96b9
[2026-06-09 07:41:13.391] [global] [info] [git_source_control.cc:519] Resolved divergent commit as cbfbf7a7de1b4008a503fe80ac360b62c5043800
[2026-06-09 07:41:13.395] [global] [info] [app_context.cc:392] TryGetTrunkConfigPb failed
[2026-06-09 07:41:13.396] [global] [info] [app_context.cc:392] TryGetTrunkConfigPb failed
[2026-06-09 07:41:13.401] [global] [info] [app_context.cc:392] TryGetTrunkConfigPb failed
[2026-06-09 07:41:13.406] [global] [info] [app_context.cc:392] TryGetTrunkConfigPb failed
[2026-06-09 07:41:16.317] [global] [info] [git_source_control.cc:517] Computing merge base between 33c28ff1c50db11d0d4aaf07ec83749cdea39f78 and 21c6480d30042b923418b3bdbac852d5746a96b9
[2026-06-09 07:41:16.317] [global] [info] [git_source_control.cc:519] Resolved divergent commit as cbfbf7a7de1b4008a503fe80ac360b62c5043800
[2026-06-09 07:41:16.323] [global] [info] [app_context.cc:392] TryGetTrunkConfigPb failed
[2026-06-09 07:41:16.324] [global] [info] [app_context.cc:392] TryGetTrunkConfigPb failed
[2026-06-09 07:41:16.327] [global] [info] [app_context.cc:392] TryGetTrunkConfigPb failed
[2026-06-09 07:41:16.333] [global] [info] [app_context.cc:392] TryGetTrunkConfigPb failed
[2026-06-09 07:41:21.293] [global] [info] [git_source_control.cc:517] Computing merge base between 33c28ff1c50db11d0d4aaf07ec83749cdea39f78 and 21c6480d30042b923418b3bdbac852d5746a96b9
[2026-06-09 07:41:21.293] [global] [info] [git_source_control.cc:519] Resolved divergent commit as cbfbf7a7de1b4008a503fe80ac360b62c5043800
[2026-06-09 07:41:21.303] [global] [info] [app_context.cc:392] TryGetTrunkConfigPb failed
[2026-06-09 07:41:21.304] [global] [info] [app_context.cc:392] TryGetTrunkConfigPb failed
[2026-06-09 07:41:21.306] [global] [info] [app_context.cc:392] TryGetTrunkConfigPb failed
[2026-06-09 07:41:21.309] [global] [info] [app_context.cc:392] TryGetTrunkConfigPb failed
[2026-06-09 07:41:29.709] [global] [info] [git_source_control.cc:517] Computing merge base between 33c28ff1c50db11d0d4aaf07ec83749cdea39f78 and 21c6480d30042b923418b3bdbac852d5746a96b9
[2026-06-09 07:41:29.709] [global] [info] [git_source_control.cc:519] Resolved divergent commit as cbfbf7a7de1b4008a503fe80ac360b62c5043800
[2026-06-09 07:41:29.718] [global] [info] [app_context.cc:392] TryGetTrunkConfigPb failed
[2026-06-09 07:41:29.718] [global] [info] [app_context.cc:392] TryGetTrunkConfigPb failed
[2026-06-09 07:41:29.721] [global] [info] [app_context.cc:392] TryGetTrunkConfigPb failed
[2026-06-09 07:41:29.723] [global] [info] [app_context.cc:392] TryGetTrunkConfigPb failed
[2026-06-09 07:41:32.870] [global] [info] [git_source_control.cc:517] Computing merge base between 33c28ff1c50db11d0d4aaf07ec83749cdea39f78 and 21c6480d30042b923418b3bdbac852d5746a96b9
[2026-06-09 07:41:32.870] [global] [info] [git_source_control.cc:519] Resolved divergent commit as cbfbf7a7de1b4008a503fe80ac360b62c5043800
[2026-06-09 07:41:32.880] [global] [info] [app_context.cc:392] TryGetTrunkConfigPb failed
[2026-06-09 07:41:32.881] [global] [info] [app_context.cc:392] TryGetTrunkConfigPb failed
[2026-06-09 07:41:32.885] [global] [info] [app_context.cc:392] TryGetTrunkConfigPb failed
[2026-06-09 07:41:32.888] [global] [info] [app_context.cc:392] TryGetTrunkConfigPb failed
[2026-06-09 07:41:33.822] [global] [info] [git_source_control.cc:517] Computing merge base between 33c28ff1c50db11d0d4aaf07ec83749cdea39f78 and 21c6480d30042b923418b3bdbac852d5746a96b9
[2026-06-09 07:41:33.823] [global] [info] [git_source_control.cc:519] Resolved divergent commit as cbfbf7a7de1b4008a503fe80ac360b62c5043800
[2026-06-09 07:41:33.830] [global] [info] [app_context.cc:392] TryGetTrunkConfigPb failed
[2026-06-09 07:41:33.830] [global] [info] [app_context.cc:392] TryGetTrunkConfigPb failed
[2026-06-09 07:41:33.835] [global] [info] [app_context.cc:392] TryGetTrunkConfigPb failed
[2026-06-09 07:41:33.840] [global] [info] [app_context.cc:392] TryGetTrunkConfigPb failed
[2026-06-09 07:41:34.425] [global] [info] [git_source_control.cc:517] Computing merge base between 33c28ff1c50db11d0d4aaf07ec83749cdea39f78 and 21c6480d30042b923418b3bdbac852d5746a96b9
[2026-06-09 07:41:34.425] [global] [info] [git_source_control.cc:519] Resolved divergent commit as cbfbf7a7de1b4008a503fe80ac360b62c5043800
[2026-06-09 07:41:34.432] [global] [info] [app_context.cc:392] TryGetTrunkConfigPb failed
[2026-06-09 07:41:34.432] [global] [info] [app_context.cc:392] TryGetTrunkConfigPb failed
[2026-06-09 07:41:34.435] [global] [info] [app_context.cc:392] TryGetTrunkConfigPb failed
[2026-06-09 07:41:34.438] [global] [info] [app_context.cc:392] TryGetTrunkConfigPb failed
[2026-06-09 07:41:37.753] [global] [info] [git_source_control.cc:517] Computing merge base between 33c28ff1c50db11d0d4aaf07ec83749cdea39f78 and 21c6480d30042b923418b3bdbac852d5746a96b9
[2026-06-09 07:41:37.753] [global] [info] [git_source_control.cc:519] Resolved divergent commit as cbfbf7a7de1b4008a503fe80ac360b62c5043800
[2026-06-09 07:41:37.757] [global] [info] [app_context.cc:392] TryGetTrunkConfigPb failed
[2026-06-09 07:41:37.757] [global] [info] [app_context.cc:392] TryGetTrunkConfigPb failed
[2026-06-09 07:41:37.763] [global] [info] [app_context.cc:392] TryGetTrunkConfigPb failed
[2026-06-09 07:41:37.767] [global] [info] [app_context.cc:392] TryGetTrunkConfigPb failed
[2026-06-09 07:41:38.525] [global] [info] [git_source_control.cc:517] Computing merge base between 33c28ff1c50db11d0d4aaf07ec83749cdea39f78 and 21c6480d30042b923418b3bdbac852d5746a96b9
[2026-06-09 07:41:38.529] [global] [info] [git_source_control.cc:519] Resolved divergent commit as cbfbf7a7de1b4008a503fe80ac360b62c5043800
[2026-06-09 07:41:38.534] [global] [info] [app_context.cc:392] TryGetTrunkConfigPb failed
[2026-06-09 07:41:38.534] [global] [info] [app_context.cc:392] TryGetTrunkConfigPb failed
[2026-06-09 07:41:38.537] [global] [info] [app_context.cc:392] TryGetTrunkConfigPb failed
[2026-06-09 07:41:38.547] [global] [info] [app_context.cc:392] TryGetTrunkConfigPb failed
[2026-06-09 07:41:41.772] [global] [info] [git_source_control.cc:517] Computing merge base between 33c28ff1c50db11d0d4aaf07ec83749cdea39f78 and 21c6480d30042b923418b3bdbac852d5746a96b9
[2026-06-09 07:41:41.773] [global] [info] [git_source_control.cc:519] Resolved divergent commit as cbfbf7a7de1b4008a503fe80ac360b62c5043800
[2026-06-09 07:41:41.781] [global] [info] [app_context.cc:392] TryGetTrunkConfigPb failed
[2026-06-09 07:41:41.782] [global] [info] [app_context.cc:392] TryGetTrunkConfigPb failed
[2026-06-09 07:41:41.786] [global] [info] [app_context.cc:392] TryGetTrunkConfigPb failed
[2026-06-09 07:41:41.788] [global] [info] [app_context.cc:392] TryGetTrunkConfigPb failed
[2026-06-09 07:41:42.737] [global] [info] [git_source_control.cc:517] Computing merge base between 33c28ff1c50db11d0d4aaf07ec83749cdea39f78 and 21c6480d30042b923418b3bdbac852d5746a96b9
[2026-06-09 07:41:42.737] [global] [info] [git_source_control.cc:519] Resolved divergent commit as cbfbf7a7de1b4008a503fe80ac360b62c5043800
[2026-06-09 07:41:42.743] [global] [info] [app_context.cc:392] TryGetTrunkConfigPb failed
[2026-06-09 07:41:42.744] [global] [info] [app_context.cc:392] TryGetTrunkConfigPb failed
[2026-06-09 07:41:42.748] [global] [info] [app_context.cc:392] TryGetTrunkConfigPb failed
[2026-06-09 07:41:42.751] [global] [info] [app_context.cc:392] TryGetTrunkConfigPb failed
[2026-06-09 07:41:43.468] [global] [info] [git_source_control.cc:517] Computing merge base between 33c28ff1c50db11d0d4aaf07ec83749cdea39f78 and 21c6480d30042b923418b3bdbac852d5746a96b9
[2026-06-09 07:41:43.468] [global] [info] [git_source_control.cc:519] Resolved divergent commit as cbfbf7a7de1b4008a503fe80ac360b62c5043800
[2026-06-09 07:41:43.473] [global] [info] [app_context.cc:392] TryGetTrunkConfigPb failed
[2026-06-09 07:41:43.473] [global] [info] [app_context.cc:392] TryGetTrunkConfigPb failed
[2026-06-09 07:41:43.485] [global] [info] [app_context.cc:392] TryGetTrunkConfigPb failed
[2026-06-09 07:41:43.489] [global] [info] [app_context.cc:392] TryGetTrunkConfigPb failed
[2026-06-09 07:41:47.318] [global] [info] [git_source_control.cc:517] Computing merge base between 33c28ff1c50db11d0d4aaf07ec83749cdea39f78 and 21c6480d30042b923418b3bdbac852d5746a96b9
[2026-06-09 07:41:47.318] [global] [info] [git_source_control.cc:519] Resolved divergent commit as cbfbf7a7de1b4008a503fe80ac360b62c5043800
[2026-06-09 07:41:47.326] [global] [info] [app_context.cc:392] TryGetTrunkConfigPb failed
[2026-06-09 07:41:47.326] [global] [info] [app_context.cc:392] TryGetTrunkConfigPb failed
[2026-06-09 07:41:47.332] [global] [info] [app_context.cc:392] TryGetTrunkConfigPb failed
[2026-06-09 07:41:47.336] [global] [info] [app_context.cc:392] TryGetTrunkConfigPb failed
[2026-06-09 07:42:06.949] [global] [info] [git_source_control.cc:517] Computing merge base between 33c28ff1c50db11d0d4aaf07ec83749cdea39f78 and 21c6480d30042b923418b3bdbac852d5746a96b9
[2026-06-09 07:42:06.949] [global] [info] [git_source_control.cc:519] Resolved divergent commit as cbfbf7a7de1b4008a503fe80ac360b62c5043800
[2026-06-09 07:42:06.958] [global] [info] [app_context.cc:392] TryGetTrunkConfigPb failed
[2026-06-09 07:42:06.958] [global] [info] [app_context.cc:392] TryGetTrunkConfigPb failed
[2026-06-09 07:42:06.962] [global] [info] [app_context.cc:392] TryGetTrunkConfigPb failed
[2026-06-09 07:42:06.965] [global] [info] [app_context.cc:392] TryGetTrunkConfigPb failed
[2026-06-09 07:42:07.566] [global] [info] [git_source_control.cc:517] Computing merge base between 33c28ff1c50db11d0d4aaf07ec83749cdea39f78 and 21c6480d30042b923418b3bdbac852d5746a96b9
[2026-06-09 07:42:07.566] [global] [info] [git_source_control.cc:519] Resolved divergent commit as cbfbf7a7de1b4008a503fe80ac360b62c5043800
[2026-06-09 07:42:07.811] [global] [info] [app_context.cc:392] TryGetTrunkConfigPb failed
[2026-06-09 07:42:07.811] [global] [info] [app_context.cc:392] TryGetTrunkConfigPb failed
[2026-06-09 07:42:07.813] [global] [info] [app_context.cc:392] TryGetTrunkConfigPb failed
[2026-06-09 07:42:07.816] [global] [info] [app_context.cc:392] TryGetTrunkConfigPb failed
[2026-06-09 07:42:09.533] [global] [info] [git_source_control.cc:517] Computing merge base between 33c28ff1c50db11d0d4aaf07ec83749cdea39f78 and 21c6480d30042b923418b3bdbac852d5746a96b9
[2026-06-09 07:42:09.533] [global] [info] [git_source_control.cc:519] Resolved divergent commit as cbfbf7a7de1b4008a503fe80ac360b62c5043800
[2026-06-09 07:42:09.638] [global] [info] [app_context.cc:392] TryGetTrunkConfigPb failed
[2026-06-09 07:42:09.638] [global] [info] [app_context.cc:392] TryGetTrunkConfigPb failed
[2026-06-09 07:42:09.641] [global] [info] [app_context.cc:392] TryGetTrunkConfigPb failed
[2026-06-09 07:42:09.644] [global] [info] [app_context.cc:392] TryGetTrunkConfigPb failed
[2026-06-09 07:42:15.840] [global] [info] [git_source_control.cc:517] Computing merge base between 33c28ff1c50db11d0d4aaf07ec83749cdea39f78 and 21c6480d30042b923418b3bdbac852d5746a96b9
[2026-06-09 07:42:15.840] [global] [info] [git_source_control.cc:519] Resolved divergent commit as cbfbf7a7de1b4008a503fe80ac360b62c5043800
[2026-06-09 07:42:15.865] [global] [info] [app_context.cc:392] TryGetTrunkConfigPb failed
[2026-06-09 07:42:15.865] [global] [info] [app_context.cc:392] TryGetTrunkConfigPb failed
[2026-06-09 07:42:15.870] [global] [info] [app_context.cc:392] TryGetTrunkConfigPb failed
[2026-06-09 07:42:15.873] [global] [info] [app_context.cc:392] TryGetTrunkConfigPb failed
[2026-06-09 07:42:18.094] [global] [info] [git_source_control.cc:517] Computing merge base between 33c28ff1c50db11d0d4aaf07ec83749cdea39f78 and 21c6480d30042b923418b3bdbac852d5746a96b9
[2026-06-09 07:42:18.094] [global] [info] [git_source_control.cc:519] Resolved divergent commit as cbfbf7a7de1b4008a503fe80ac360b62c5043800
[2026-06-09 07:42:18.098] [global] [info] [app_context.cc:392] TryGetTrunkConfigPb failed
[2026-06-09 07:42:18.104] [global] [info] [app_context.cc:392] TryGetTrunkConfigPb failed
[2026-06-09 07:42:18.107] [global] [info] [app_context.cc:392] TryGetTrunkConfigPb failed
[2026-06-09 07:42:18.110] [global] [info] [app_context.cc:392] TryGetTrunkConfigPb failed
[2026-06-09 07:42:30.724] [global] [info] [git_source_control.cc:517] Computing merge base between 33c28ff1c50db11d0d4aaf07ec83749cdea39f78 and 21c6480d30042b923418b3bdbac852d5746a96b9
[2026-06-09 07:42:30.724] [global] [info] [git_source_control.cc:519] Resolved divergent commit as cbfbf7a7de1b4008a503fe80ac360b62c5043800
[2026-06-09 07:42:30.732] [global] [info] [app_context.cc:392] TryGetTrunkConfigPb failed
[2026-06-09 07:42:30.732] [global] [info] [app_context.cc:392] TryGetTrunkConfigPb failed
[2026-06-09 07:42:30.739] [global] [info] [app_context.cc:392] TryGetTrunkConfigPb failed
[2026-06-09 07:42:30.743] [global] [info] [app_context.cc:392] TryGetTrunkConfigPb failed
[2026-06-09 07:42:38.852] [global] [info] [git_source_control.cc:517] Computing merge base between 33c28ff1c50db11d0d4aaf07ec83749cdea39f78 and 21c6480d30042b923418b3bdbac852d5746a96b9
[2026-06-09 07:42:38.852] [global] [info] [git_source_control.cc:519] Resolved divergent commit as cbfbf7a7de1b4008a503fe80ac360b62c5043800
[2026-06-09 07:42:38.858] [global] [info] [app_context.cc:392] TryGetTrunkConfigPb failed
[2026-06-09 07:42:38.858] [global] [info] [app_context.cc:392] TryGetTrunkConfigPb failed
[2026-06-09 07:42:38.863] [global] [info] [app_context.cc:392] TryGetTrunkConfigPb failed
[2026-06-09 07:42:38.867] [global] [info] [app_context.cc:392] TryGetTrunkConfigPb failed
[2026-06-09 07:42:41.575] [global] [info] [git_source_control.cc:517] Computing merge base between 33c28ff1c50db11d0d4aaf07ec83749cdea39f78 and 21c6480d30042b923418b3bdbac852d5746a96b9
[2026-06-09 07:42:41.575] [global] [info] [git_source_control.cc:519] Resolved divergent commit as cbfbf7a7de1b4008a503fe80ac360b62c5043800
[2026-06-09 07:42:41.584] [global] [info] [app_context.cc:392] TryGetTrunkConfigPb failed
[2026-06-09 07:42:41.585] [global] [info] [app_context.cc:392] TryGetTrunkConfigPb failed
[2026-06-09 07:42:41.587] [global] [info] [app_context.cc:392] TryGetTrunkConfigPb failed
[2026-06-09 07:42:41.590] [global] [info] [app_context.cc:392] TryGetTrunkConfigPb failed
[2026-06-09 07:42:54.545] [global] [info] [git_source_control.cc:517] Computing merge base between 33c28ff1c50db11d0d4aaf07ec83749cdea39f78 and 21c6480d30042b923418b3bdbac852d5746a96b9
[2026-06-09 07:42:54.546] [global] [info] [git_source_control.cc:519] Resolved divergent commit as cbfbf7a7de1b4008a503fe80ac360b62c5043800
[2026-06-09 07:42:54.549] [global] [info] [app_context.cc:392] TryGetTrunkConfigPb failed
[2026-06-09 07:42:54.549] [global] [info] [app_context.cc:392] TryGetTrunkConfigPb failed
[2026-06-09 07:42:54.552] [global] [info] [app_context.cc:392] TryGetTrunkConfigPb failed
[2026-06-09 07:42:54.555] [global] [info] [app_context.cc:392] TryGetTrunkConfigPb failed
[2026-06-09 07:43:10.460] [global] [info] [git_source_control.cc:517] Computing merge base between 33c28ff1c50db11d0d4aaf07ec83749cdea39f78 and 21c6480d30042b923418b3bdbac852d5746a96b9
[2026-06-09 07:43:10.460] [global] [info] [git_source_control.cc:519] Resolved divergent commit as cbfbf7a7de1b4008a503fe80ac360b62c5043800
[2026-06-09 07:43:10.464] [global] [info] [app_context.cc:392] TryGetTrunkConfigPb failed
[2026-06-09 07:43:10.464] [global] [info] [app_context.cc:392] TryGetTrunkConfigPb failed
[2026-06-09 07:43:10.467] [global] [info] [app_context.cc:392] TryGetTrunkConfigPb failed
[2026-06-09 07:43:10.473] [global] [info] [app_context.cc:392] TryGetTrunkConfigPb failed
[2026-06-09 07:43:17.034] [global] [info] [git_source_control.cc:517] Computing merge base between d00d4a89aff66a8f23cfff1fd0fe0b57125ab002 and 21c6480d30042b923418b3bdbac852d5746a96b9
[2026-06-09 07:43:17.078] [global] [info] [git_source_control.cc:519] Resolved divergent commit as cbfbf7a7de1b4008a503fe80ac360b62c5043800
[2026-06-09 07:43:17.082] [global] [info] [app_context.cc:392] TryGetTrunkConfigPb failed
[2026-06-09 07:43:17.082] [global] [info] [app_context.cc:392] TryGetTrunkConfigPb failed
[2026-06-09 07:43:17.087] [global] [info] [app_context.cc:392] TryGetTrunkConfigPb failed
[2026-06-09 07:43:17.091] [global] [info] [app_context.cc:392] TryGetTrunkConfigPb failed
[2026-06-09 07:43:36.109] [global] [info] [git_source_control.cc:517] Computing merge base between d00d4a89aff66a8f23cfff1fd0fe0b57125ab002 and 21c6480d30042b923418b3bdbac852d5746a96b9
[2026-06-09 07:43:36.109] [global] [info] [git_source_control.cc:519] Resolved divergent commit as cbfbf7a7de1b4008a503fe80ac360b62c5043800
[2026-06-09 07:43:36.165] [global] [info] [app_context.cc:392] TryGetTrunkConfigPb failed
[2026-06-09 07:43:36.166] [global] [info] [app_context.cc:392] TryGetTrunkConfigPb failed
[2026-06-09 07:43:36.168] [global] [info] [app_context.cc:392] TryGetTrunkConfigPb failed
[2026-06-09 07:43:36.172] [global] [info] [app_context.cc:392] TryGetTrunkConfigPb failed
[2026-06-09 07:43:37.189] [global] [info] [git_source_control.cc:517] Computing merge base between d00d4a89aff66a8f23cfff1fd0fe0b57125ab002 and 21c6480d30042b923418b3bdbac852d5746a96b9
[2026-06-09 07:43:37.189] [global] [info] [git_source_control.cc:519] Resolved divergent commit as cbfbf7a7de1b4008a503fe80ac360b62c5043800
[2026-06-09 07:43:37.268] [global] [info] [app_context.cc:392] TryGetTrunkConfigPb failed
[2026-06-09 07:43:37.268] [global] [info] [app_context.cc:392] TryGetTrunkConfigPb failed
[2026-06-09 07:43:37.271] [global] [info] [app_context.cc:392] TryGetTrunkConfigPb failed
[2026-06-09 07:43:37.274] [global] [info] [app_context.cc:392] TryGetTrunkConfigPb failed
[2026-06-09 07:43:42.416] [global] [info] [git_source_control.cc:517] Computing merge base between d00d4a89aff66a8f23cfff1fd0fe0b57125ab002 and 21c6480d30042b923418b3bdbac852d5746a96b9
[2026-06-09 07:43:42.417] [global] [info] [git_source_control.cc:519] Resolved divergent commit as cbfbf7a7de1b4008a503fe80ac360b62c5043800
[2026-06-09 07:43:42.421] [global] [info] [app_context.cc:392] TryGetTrunkConfigPb failed
[2026-06-09 07:43:42.421] [global] [info] [app_context.cc:392] TryGetTrunkConfigPb failed
[2026-06-09 07:43:42.424] [global] [info] [app_context.cc:392] TryGetTrunkConfigPb failed
[2026-06-09 07:43:42.427] [global] [info] [app_context.cc:392] TryGetTrunkConfigPb failed
[2026-06-09 07:43:57.513] [global] [info] [git_source_control.cc:517] Computing merge base between d00d4a89aff66a8f23cfff1fd0fe0b57125ab002 and 21c6480d30042b923418b3bdbac852d5746a96b9
[2026-06-09 07:43:57.513] [global] [info] [git_source_control.cc:519] Resolved divergent commit as cbfbf7a7de1b4008a503fe80ac360b62c5043800
[2026-06-09 07:43:57.518] [global] [info] [app_context.cc:392] TryGetTrunkConfigPb failed
[2026-06-09 07:43:57.518] [global] [info] [app_context.cc:392] TryGetTrunkConfigPb failed
[2026-06-09 07:43:57.521] [global] [info] [app_context.cc:392] TryGetTrunkConfigPb failed
[2026-06-09 07:43:57.526] [global] [info] [app_context.cc:392] TryGetTrunkConfigPb failed
[2026-06-09 07:44:00.746] [global] [info] [git_source_control.cc:517] Computing merge base between d00d4a89aff66a8f23cfff1fd0fe0b57125ab002 and 21c6480d30042b923418b3bdbac852d5746a96b9
[2026-06-09 07:44:00.746] [global] [info] [git_source_control.cc:519] Resolved divergent commit as cbfbf7a7de1b4008a503fe80ac360b62c5043800
[2026-06-09 07:44:00.752] [global] [info] [app_context.cc:392] TryGetTrunkConfigPb failed
[2026-06-09 07:44:00.752] [global] [info] [app_context.cc:392] TryGetTrunkConfigPb failed
[2026-06-09 07:44:00.758] [global] [info] [app_context.cc:392] TryGetTrunkConfigPb failed
[2026-06-09 07:44:00.767] [global] [info] [app_context.cc:392] TryGetTrunkConfigPb failed
[2026-06-09 07:44:09.649] [global] [info] [git_source_control.cc:517] Computing merge base between d00d4a89aff66a8f23cfff1fd0fe0b57125ab002 and 21c6480d30042b923418b3bdbac852d5746a96b9
[2026-06-09 07:44:09.650] [global] [info] [git_source_control.cc:519] Resolved divergent commit as cbfbf7a7de1b4008a503fe80ac360b62c5043800
[2026-06-09 07:44:09.659] [global] [info] [app_context.cc:392] TryGetTrunkConfigPb failed
[2026-06-09 07:44:09.659] [global] [info] [app_context.cc:392] TryGetTrunkConfigPb failed
[2026-06-09 07:44:09.662] [global] [info] [app_context.cc:392] TryGetTrunkConfigPb failed
[2026-06-09 07:44:09.666] [global] [info] [app_context.cc:392] TryGetTrunkConfigPb failed
[2026-06-09 07:44:11.984] [global] [info] [git_source_control.cc:517] Computing merge base between b801b553253eb37274c4620d7d966228524037f5 and 21c6480d30042b923418b3bdbac852d5746a96b9
[2026-06-09 07:44:12.117] [global] [info] [git_source_control.cc:519] Resolved divergent commit as cbfbf7a7de1b4008a503fe80ac360b62c5043800
[2026-06-09 07:44:12.128] [global] [info] [app_context.cc:392] TryGetTrunkConfigPb failed
[2026-06-09 07:44:12.128] [global] [info] [app_context.cc:392] TryGetTrunkConfigPb failed
[2026-06-09 07:44:12.134] [global] [info] [app_context.cc:392] TryGetTrunkConfigPb failed
[2026-06-09 07:44:12.138] [global] [info] [app_context.cc:392] TryGetTrunkConfigPb failed
[2026-06-09 07:44:19.239] [global] [info] [git_source_control.cc:517] Computing merge base between b801b553253eb37274c4620d7d966228524037f5 and 21c6480d30042b923418b3bdbac852d5746a96b9
[2026-06-09 07:44:19.240] [global] [info] [git_source_control.cc:519] Resolved divergent commit as cbfbf7a7de1b4008a503fe80ac360b62c5043800
[2026-06-09 07:44:19.246] [global] [info] [app_context.cc:392] TryGetTrunkConfigPb failed
[2026-06-09 07:44:19.246] [global] [info] [app_context.cc:392] TryGetTrunkConfigPb failed
[2026-06-09 07:44:19.250] [global] [info] [app_context.cc:392] TryGetTrunkConfigPb failed
[2026-06-09 07:44:19.253] [global] [info] [app_context.cc:392] TryGetTrunkConfigPb failed
[2026-06-09 07:44:27.605] [global] [info] [git_source_control.cc:517] Computing merge base between b801b553253eb37274c4620d7d966228524037f5 and 21c6480d30042b923418b3bdbac852d5746a96b9
[2026-06-09 07:44:27.606] [global] [info] [git_source_control.cc:519] Resolved divergent commit as cbfbf7a7de1b4008a503fe80ac360b62c5043800
[2026-06-09 07:44:27.663] [global] [info] [app_context.cc:392] TryGetTrunkConfigPb failed
[2026-06-09 07:44:27.663] [global] [info] [app_context.cc:392] TryGetTrunkConfigPb failed
[2026-06-09 07:44:27.666] [global] [info] [app_context.cc:392] TryGetTrunkConfigPb failed
[2026-06-09 07:44:27.671] [global] [info] [app_context.cc:392] TryGetTrunkConfigPb failed
[2026-06-09 07:44:33.369] [global] [info] [git_source_control.cc:517] Computing merge base between b801b553253eb37274c4620d7d966228524037f5 and 21c6480d30042b923418b3bdbac852d5746a96b9
[2026-06-09 07:44:33.369] [global] [info] [git_source_control.cc:519] Resolved divergent commit as cbfbf7a7de1b4008a503fe80ac360b62c5043800
[2026-06-09 07:44:33.373] [global] [info] [app_context.cc:392] TryGetTrunkConfigPb failed
[2026-06-09 07:44:33.373] [global] [info] [app_context.cc:392] TryGetTrunkConfigPb failed
[2026-06-09 07:44:33.376] [global] [info] [app_context.cc:392] TryGetTrunkConfigPb failed
[2026-06-09 07:44:33.379] [global] [info] [app_context.cc:392] TryGetTrunkConfigPb failed
[2026-06-09 07:44:34.115] [global] [info] [git_source_control.cc:517] Computing merge base between b801b553253eb37274c4620d7d966228524037f5 and 21c6480d30042b923418b3bdbac852d5746a96b9
[2026-06-09 07:44:34.115] [global] [info] [git_source_control.cc:519] Resolved divergent commit as cbfbf7a7de1b4008a503fe80ac360b62c5043800
[2026-06-09 07:44:34.130] [global] [info] [app_context.cc:392] TryGetTrunkConfigPb failed
[2026-06-09 07:44:34.130] [global] [info] [app_context.cc:392] TryGetTrunkConfigPb failed
[2026-06-09 07:44:34.135] [global] [info] [app_context.cc:392] TryGetTrunkConfigPb failed
[2026-06-09 07:44:34.138] [global] [info] [app_context.cc:392] TryGetTrunkConfigPb failed
[2026-06-09 07:44:35.781] [global] [info] [git_source_control.cc:517] Computing merge base between b801b553253eb37274c4620d7d966228524037f5 and 21c6480d30042b923418b3bdbac852d5746a96b9
[2026-06-09 07:44:35.783] [global] [info] [git_source_control.cc:519] Resolved divergent commit as cbfbf7a7de1b4008a503fe80ac360b62c5043800
[2026-06-09 07:44:35.788] [global] [info] [app_context.cc:392] TryGetTrunkConfigPb failed
[2026-06-09 07:44:35.788] [global] [info] [app_context.cc:392] TryGetTrunkConfigPb failed
[2026-06-09 07:44:35.791] [global] [info] [app_context.cc:392] TryGetTrunkConfigPb failed
[2026-06-09 07:44:35.794] [global] [info] [app_context.cc:392] TryGetTrunkConfigPb failed
[2026-06-09 07:44:37.579] [global] [info] [git_source_control.cc:517] Computing merge base between b801b553253eb37274c4620d7d966228524037f5 and 21c6480d30042b923418b3bdbac852d5746a96b9
[2026-06-09 07:44:37.579] [global] [info] [git_source_control.cc:519] Resolved divergent commit as cbfbf7a7de1b4008a503fe80ac360b62c5043800
[2026-06-09 07:44:37.585] [global] [info] [app_context.cc:392] TryGetTrunkConfigPb failed
[2026-06-09 07:44:37.585] [global] [info] [app_context.cc:392] TryGetTrunkConfigPb failed
[2026-06-09 07:44:37.588] [global] [info] [app_context.cc:392] TryGetTrunkConfigPb failed
[2026-06-09 07:44:37.591] [global] [info] [app_context.cc:392] TryGetTrunkConfigPb failed
[2026-06-09 07:44:40.747] [global] [info] [git_source_control.cc:517] Computing merge base between b801b553253eb37274c4620d7d966228524037f5 and 21c6480d30042b923418b3bdbac852d5746a96b9
[2026-06-09 07:44:40.751] [global] [info] [git_source_control.cc:519] Resolved divergent commit as cbfbf7a7de1b4008a503fe80ac360b62c5043800
[2026-06-09 07:44:40.756] [global] [info] [app_context.cc:392] TryGetTrunkConfigPb failed
[2026-06-09 07:44:40.756] [global] [info] [app_context.cc:392] TryGetTrunkConfigPb failed
[2026-06-09 07:44:40.759] [global] [info] [app_context.cc:392] TryGetTrunkConfigPb failed
[2026-06-09 07:44:40.764] [global] [info] [app_context.cc:392] TryGetTrunkConfigPb failed
[2026-06-09 07:44:41.376] [global] [info] [git_source_control.cc:517] Computing merge base between b801b553253eb37274c4620d7d966228524037f5 and 21c6480d30042b923418b3bdbac852d5746a96b9
[2026-06-09 07:44:41.377] [global] [info] [git_source_control.cc:519] Resolved divergent commit as cbfbf7a7de1b4008a503fe80ac360b62c5043800
[2026-06-09 07:44:41.382] [global] [info] [app_context.cc:392] TryGetTrunkConfigPb failed
[2026-06-09 07:44:41.383] [global] [info] [app_context.cc:392] TryGetTrunkConfigPb failed
[2026-06-09 07:44:41.387] [global] [info] [app_context.cc:392] TryGetTrunkConfigPb failed
[2026-06-09 07:44:41.390] [global] [info] [app_context.cc:392] TryGetTrunkConfigPb failed
[2026-06-09 07:44:52.185] [global] [info] [git_source_control.cc:517] Computing merge base between b801b553253eb37274c4620d7d966228524037f5 and 21c6480d30042b923418b3bdbac852d5746a96b9
[2026-06-09 07:44:52.186] [global] [info] [git_source_control.cc:519] Resolved divergent commit as cbfbf7a7de1b4008a503fe80ac360b62c5043800
[2026-06-09 07:44:52.190] [global] [info] [app_context.cc:392] TryGetTrunkConfigPb failed
[2026-06-09 07:44:52.191] [global] [info] [app_context.cc:392] TryGetTrunkConfigPb failed
[2026-06-09 07:44:52.196] [global] [info] [app_context.cc:392] TryGetTrunkConfigPb failed
[2026-06-09 07:44:52.201] [global] [info] [app_context.cc:392] TryGetTrunkConfigPb failed
[2026-06-09 07:44:54.650] [global] [info] [git_source_control.cc:517] Computing merge base between b801b553253eb37274c4620d7d966228524037f5 and 21c6480d30042b923418b3bdbac852d5746a96b9
[2026-06-09 07:44:54.650] [global] [info] [git_source_control.cc:519] Resolved divergent commit as cbfbf7a7de1b4008a503fe80ac360b62c5043800
[2026-06-09 07:44:54.654] [global] [info] [app_context.cc:392] TryGetTrunkConfigPb failed
[2026-06-09 07:44:54.654] [global] [info] [app_context.cc:392] TryGetTrunkConfigPb failed
[2026-06-09 07:44:54.657] [global] [info] [app_context.cc:392] TryGetTrunkConfigPb failed
[2026-06-09 07:44:54.661] [global] [info] [app_context.cc:392] TryGetTrunkConfigPb failed
[2026-06-09 07:44:55.253] [global] [info] [git_source_control.cc:517] Computing merge base between b801b553253eb37274c4620d7d966228524037f5 and 21c6480d30042b923418b3bdbac852d5746a96b9
[2026-06-09 07:44:55.254] [global] [info] [git_source_control.cc:519] Resolved divergent commit as cbfbf7a7de1b4008a503fe80ac360b62c5043800
[2026-06-09 07:44:55.258] [global] [info] [app_context.cc:392] TryGetTrunkConfigPb failed
[2026-06-09 07:44:55.258] [global] [info] [app_context.cc:392] TryGetTrunkConfigPb failed
[2026-06-09 07:44:55.262] [global] [info] [app_context.cc:392] TryGetTrunkConfigPb failed
[2026-06-09 07:44:55.267] [global] [info] [app_context.cc:392] TryGetTrunkConfigPb failed
[2026-06-09 07:45:06.929] [global] [info] [git_source_control.cc:517] Computing merge base between b801b553253eb37274c4620d7d966228524037f5 and 21c6480d30042b923418b3bdbac852d5746a96b9
[2026-06-09 07:45:06.930] [global] [info] [git_source_control.cc:519] Resolved divergent commit as cbfbf7a7de1b4008a503fe80ac360b62c5043800
[2026-06-09 07:45:06.937] [global] [info] [app_context.cc:392] TryGetTrunkConfigPb failed
[2026-06-09 07:45:06.937] [global] [info] [app_context.cc:392] TryGetTrunkConfigPb failed
[2026-06-09 07:45:06.945] [global] [info] [app_context.cc:392] TryGetTrunkConfigPb failed
[2026-06-09 07:45:06.950] [global] [info] [app_context.cc:392] TryGetTrunkConfigPb failed
[2026-06-09 07:45:17.657] [global] [info] [git_source_control.cc:517] Computing merge base between b801b553253eb37274c4620d7d966228524037f5 and 21c6480d30042b923418b3bdbac852d5746a96b9
[2026-06-09 07:45:17.657] [global] [info] [git_source_control.cc:519] Resolved divergent commit as cbfbf7a7de1b4008a503fe80ac360b62c5043800
[2026-06-09 07:45:17.661] [global] [info] [app_context.cc:392] TryGetTrunkConfigPb failed
[2026-06-09 07:45:17.662] [global] [info] [app_context.cc:392] TryGetTrunkConfigPb failed
[2026-06-09 07:45:17.664] [global] [info] [app_context.cc:392] TryGetTrunkConfigPb failed
[2026-06-09 07:45:17.667] [global] [info] [app_context.cc:392] TryGetTrunkConfigPb failed
[2026-06-09 07:46:01.909] [global] [info] [git_source_control.cc:517] Computing merge base between b801b553253eb37274c4620d7d966228524037f5 and 21c6480d30042b923418b3bdbac852d5746a96b9
[2026-06-09 07:46:01.909] [global] [info] [git_source_control.cc:519] Resolved divergent commit as cbfbf7a7de1b4008a503fe80ac360b62c5043800
[2026-06-09 07:46:01.917] [global] [info] [app_context.cc:392] TryGetTrunkConfigPb failed
[2026-06-09 07:46:01.917] [global] [info] [app_context.cc:392] TryGetTrunkConfigPb failed
[2026-06-09 07:46:01.921] [global] [info] [app_context.cc:392] TryGetTrunkConfigPb failed
[2026-06-09 07:46:01.924] [global] [info] [app_context.cc:392] TryGetTrunkConfigPb failed
[2026-06-09 07:46:16.878] [global] [info] [git_source_control.cc:517] Computing merge base between b801b553253eb37274c4620d7d966228524037f5 and 21c6480d30042b923418b3bdbac852d5746a96b9
[2026-06-09 07:46:16.878] [global] [info] [git_source_control.cc:519] Resolved divergent commit as cbfbf7a7de1b4008a503fe80ac360b62c5043800
[2026-06-09 07:46:16.883] [global] [info] [app_context.cc:392] TryGetTrunkConfigPb failed
[2026-06-09 07:46:16.883] [global] [info] [app_context.cc:392] TryGetTrunkConfigPb failed
[2026-06-09 07:46:16.885] [global] [info] [app_context.cc:392] TryGetTrunkConfigPb failed
[2026-06-09 07:46:16.887] [global] [info] [app_context.cc:392] TryGetTrunkConfigPb failed
[2026-06-09 07:47:23.287] [global] [info] [git_source_control.cc:517] Computing merge base between b801b553253eb37274c4620d7d966228524037f5 and 21c6480d30042b923418b3bdbac852d5746a96b9
[2026-06-09 07:47:23.288] [global] [info] [git_source_control.cc:519] Resolved divergent commit as cbfbf7a7de1b4008a503fe80ac360b62c5043800
[2026-06-09 07:47:23.298] [global] [info] [app_context.cc:392] TryGetTrunkConfigPb failed
[2026-06-09 07:47:23.298] [global] [info] [app_context.cc:392] TryGetTrunkConfigPb failed
[2026-06-09 07:47:23.301] [global] [info] [app_context.cc:392] TryGetTrunkConfigPb failed
[2026-06-09 07:47:23.306] [global] [info] [app_context.cc:392] TryGetTrunkConfigPb failed
[2026-06-09 07:47:24.346] [global] [info] [git_source_control.cc:517] Computing merge base between b801b553253eb37274c4620d7d966228524037f5 and 21c6480d30042b923418b3bdbac852d5746a96b9
[2026-06-09 07:47:24.347] [global] [info] [git_source_control.cc:519] Resolved divergent commit as cbfbf7a7de1b4008a503fe80ac360b62c5043800
[2026-06-09 07:47:24.351] [global] [info] [app_context.cc:392] TryGetTrunkConfigPb failed
[2026-06-09 07:47:24.351] [global] [info] [app_context.cc:392] TryGetTrunkConfigPb failed
[2026-06-09 07:47:24.354] [global] [info] [app_context.cc:392] TryGetTrunkConfigPb failed
[2026-06-09 07:47:24.357] [global] [info] [app_context.cc:392] TryGetTrunkConfigPb failed
[2026-06-09 07:47:41.646] [global] [info] [git_source_control.cc:517] Computing merge base between b801b553253eb37274c4620d7d966228524037f5 and 21c6480d30042b923418b3bdbac852d5746a96b9
[2026-06-09 07:47:41.647] [global] [info] [git_source_control.cc:519] Resolved divergent commit as cbfbf7a7de1b4008a503fe80ac360b62c5043800
[2026-06-09 07:47:41.651] [global] [info] [app_context.cc:392] TryGetTrunkConfigPb failed
[2026-06-09 07:47:41.651] [global] [info] [app_context.cc:392] TryGetTrunkConfigPb failed
[2026-06-09 07:47:41.655] [global] [info] [app_context.cc:392] TryGetTrunkConfigPb failed
[2026-06-09 07:47:41.659] [global] [info] [app_context.cc:392] TryGetTrunkConfigPb failed
[2026-06-09 07:55:41.478] [global] [info] [git_source_control.cc:517] Computing merge base between b801b553253eb37274c4620d7d966228524037f5 and 21c6480d30042b923418b3bdbac852d5746a96b9
[2026-06-09 07:55:41.478] [global] [info] [git_source_control.cc:519] Resolved divergent commit as cbfbf7a7de1b4008a503fe80ac360b62c5043800
[2026-06-09 07:55:41.483] [global] [info] [app_context.cc:392] TryGetTrunkConfigPb failed
[2026-06-09 07:55:41.483] [global] [info] [app_context.cc:392] TryGetTrunkConfigPb failed
[2026-06-09 07:55:41.489] [global] [info] [app_context.cc:392] TryGetTrunkConfigPb failed
[2026-06-09 07:55:41.495] [global] [info] [app_context.cc:392] TryGetTrunkConfigPb failed
[2026-06-09 07:55:54.772] [global] [info] [git_source_control.cc:517] Computing merge base between b801b553253eb37274c4620d7d966228524037f5 and 21c6480d30042b923418b3bdbac852d5746a96b9
[2026-06-09 07:55:54.772] [global] [info] [git_source_control.cc:519] Resolved divergent commit as cbfbf7a7de1b4008a503fe80ac360b62c5043800
[2026-06-09 07:55:54.776] [global] [info] [app_context.cc:392] TryGetTrunkConfigPb failed
[2026-06-09 07:55:54.776] [global] [info] [app_context.cc:392] TryGetTrunkConfigPb failed
[2026-06-09 07:55:54.779] [global] [info] [app_context.cc:392] TryGetTrunkConfigPb failed
[2026-06-09 07:55:54.783] [global] [info] [app_context.cc:392] TryGetTrunkConfigPb failed
[2026-06-09 07:55:55.626] [global] [info] [git_source_control.cc:517] Computing merge base between b801b553253eb37274c4620d7d966228524037f5 and 21c6480d30042b923418b3bdbac852d5746a96b9
[2026-06-09 07:55:55.626] [global] [info] [git_source_control.cc:519] Resolved divergent commit as cbfbf7a7de1b4008a503fe80ac360b62c5043800
[2026-06-09 07:55:55.630] [global] [info] [app_context.cc:392] TryGetTrunkConfigPb failed
[2026-06-09 07:55:55.630] [global] [info] [app_context.cc:392] TryGetTrunkConfigPb failed
[2026-06-09 07:55:55.636] [global] [info] [app_context.cc:392] TryGetTrunkConfigPb failed
[2026-06-09 07:55:55.638] [global] [info] [app_context.cc:392] TryGetTrunkConfigPb failed
[2026-06-09 07:56:07.787] [global] [info] [git_source_control.cc:517] Computing merge base between b801b553253eb37274c4620d7d966228524037f5 and 21c6480d30042b923418b3bdbac852d5746a96b9
[2026-06-09 07:56:07.788] [global] [info] [git_source_control.cc:519] Resolved divergent commit as cbfbf7a7de1b4008a503fe80ac360b62c5043800
[2026-06-09 07:56:07.792] [global] [info] [app_context.cc:392] TryGetTrunkConfigPb failed
[2026-06-09 07:56:07.792] [global] [info] [app_context.cc:392] TryGetTrunkConfigPb failed
[2026-06-09 07:56:07.800] [global] [info] [app_context.cc:392] TryGetTrunkConfigPb failed
[2026-06-09 07:56:07.803] [global] [info] [app_context.cc:392] TryGetTrunkConfigPb failed
[2026-06-09 07:57:34.366] [global] [info] [git_source_control.cc:517] Computing merge base between b801b553253eb37274c4620d7d966228524037f5 and 21c6480d30042b923418b3bdbac852d5746a96b9
[2026-06-09 07:57:34.366] [global] [info] [git_source_control.cc:519] Resolved divergent commit as cbfbf7a7de1b4008a503fe80ac360b62c5043800
[2026-06-09 07:57:34.371] [global] [info] [app_context.cc:392] TryGetTrunkConfigPb failed
[2026-06-09 07:57:34.371] [global] [info] [app_context.cc:392] TryGetTrunkConfigPb failed
[2026-06-09 07:57:34.375] [global] [info] [app_context.cc:392] TryGetTrunkConfigPb failed
[2026-06-09 07:57:34.387] [global] [info] [app_context.cc:392] TryGetTrunkConfigPb failed
[2026-06-09 07:57:35.348] [global] [info] [git_source_control.cc:517] Computing merge base between b801b553253eb37274c4620d7d966228524037f5 and 21c6480d30042b923418b3bdbac852d5746a96b9
[2026-06-09 07:57:35.349] [global] [info] [git_source_control.cc:519] Resolved divergent commit as cbfbf7a7de1b4008a503fe80ac360b62c5043800
[2026-06-09 07:57:35.353] [global] [info] [app_context.cc:392] TryGetTrunkConfigPb failed
[2026-06-09 07:57:35.353] [global] [info] [app_context.cc:392] TryGetTrunkConfigPb failed
[2026-06-09 07:57:35.356] [global] [info] [app_context.cc:392] TryGetTrunkConfigPb failed
[2026-06-09 07:57:35.364] [global] [info] [app_context.cc:392] TryGetTrunkConfigPb failed
[2026-06-09 07:59:34.402] [global] [info] [git_source_control.cc:517] Computing merge base between b801b553253eb37274c4620d7d966228524037f5 and 21c6480d30042b923418b3bdbac852d5746a96b9
[2026-06-09 07:59:34.402] [global] [info] [git_source_control.cc:519] Resolved divergent commit as cbfbf7a7de1b4008a503fe80ac360b62c5043800
[2026-06-09 07:59:34.407] [global] [info] [app_context.cc:392] TryGetTrunkConfigPb failed
[2026-06-09 07:59:34.407] [global] [info] [app_context.cc:392] TryGetTrunkConfigPb failed
[2026-06-09 07:59:34.410] [global] [info] [app_context.cc:392] TryGetTrunkConfigPb failed
[2026-06-09 07:59:34.415] [global] [info] [app_context.cc:392] TryGetTrunkConfigPb failed
[2026-06-09 08:10:13.623] [global] [info] [git_source_control.cc:517] Computing merge base between b801b553253eb37274c4620d7d966228524037f5 and 21c6480d30042b923418b3bdbac852d5746a96b9
[2026-06-09 08:10:13.624] [global] [info] [git_source_control.cc:519] Resolved divergent commit as cbfbf7a7de1b4008a503fe80ac360b62c5043800
[2026-06-09 08:10:13.634] [global] [info] [app_context.cc:392] TryGetTrunkConfigPb failed
[2026-06-09 08:10:13.634] [global] [info] [app_context.cc:392] TryGetTrunkConfigPb failed
[2026-06-09 08:10:13.638] [global] [info] [app_context.cc:392] TryGetTrunkConfigPb failed
[2026-06-09 08:10:13.645] [global] [info] [app_context.cc:392] TryGetTrunkConfigPb failed
[2026-06-09 08:10:17.750] [global] [info] [git_source_control.cc:517] Computing merge base between b801b553253eb37274c4620d7d966228524037f5 and 21c6480d30042b923418b3bdbac852d5746a96b9
[2026-06-09 08:10:17.751] [global] [info] [git_source_control.cc:519] Resolved divergent commit as cbfbf7a7de1b4008a503fe80ac360b62c5043800
[2026-06-09 08:10:17.767] [global] [info] [app_context.cc:392] TryGetTrunkConfigPb failed
[2026-06-09 08:10:17.767] [global] [info] [app_context.cc:392] TryGetTrunkConfigPb failed
[2026-06-09 08:10:17.770] [global] [info] [app_context.cc:392] TryGetTrunkConfigPb failed
[2026-06-09 08:10:17.780] [global] [info] [app_context.cc:392] TryGetTrunkConfigPb failed
[2026-06-09 08:10:28.459] [global] [info] [git_source_control.cc:517] Computing merge base between b801b553253eb37274c4620d7d966228524037f5 and 21c6480d30042b923418b3bdbac852d5746a96b9
[2026-06-09 08:10:28.459] [global] [info] [git_source_control.cc:519] Resolved divergent commit as cbfbf7a7de1b4008a503fe80ac360b62c5043800
[2026-06-09 08:10:28.466] [global] [info] [app_context.cc:392] TryGetTrunkConfigPb failed
[2026-06-09 08:10:28.467] [global] [info] [app_context.cc:392] TryGetTrunkConfigPb failed
[2026-06-09 08:10:28.469] [global] [info] [app_context.cc:392] TryGetTrunkConfigPb failed
[2026-06-09 08:10:28.484] [global] [info] [app_context.cc:392] TryGetTrunkConfigPb failed
[2026-06-09 08:10:41.497] [global] [info] [git_source_control.cc:517] Computing merge base between b801b553253eb37274c4620d7d966228524037f5 and 21c6480d30042b923418b3bdbac852d5746a96b9
[2026-06-09 08:10:41.497] [global] [info] [git_source_control.cc:519] Resolved divergent commit as cbfbf7a7de1b4008a503fe80ac360b62c5043800
[2026-06-09 08:10:41.510] [global] [info] [app_context.cc:392] TryGetTrunkConfigPb failed
[2026-06-09 08:10:41.510] [global] [info] [app_context.cc:392] TryGetTrunkConfigPb failed
[2026-06-09 08:10:41.512] [global] [info] [app_context.cc:392] TryGetTrunkConfigPb failed
[2026-06-09 08:10:41.517] [global] [info] [app_context.cc:392] TryGetTrunkConfigPb failed
[2026-06-09 08:10:57.056] [global] [info] [runner.cc:154] Executing action trunk-upgrade-available.schedule.1h
[2026-06-09 08:10:57.056] [global] [warning] [runtime.cc:149] 'git_bash' is not enabled but GetVersion() was called
[2026-06-09 08:10:57.059] [global] [error] [runtime.cc:160] Prepare called on runtime that is not enabled. Will do nothing
[2026-06-09 08:10:57.070] [global] [warning] [resolve_binary.cc:46] is_regular_file check failed for for C:\/bin\bash.bat // 3:The system cannot find the path specified.
[2026-06-09 08:10:57.070] [global] [warning] [resolve_binary.cc:46] is_regular_file check failed for for C:\/bin\bash // 3:The system cannot find the path specified.
[2026-06-09 08:10:57.070] [global] [warning] [resolve_binary.cc:46] is_regular_file check failed for for C:\/bin\bash.exe // 3:The system cannot find the path specified.
[2026-06-09 08:10:57.070] [global] [warning] [resolve_binary.cc:46] is_regular_file check failed for for C:\/usr/bin\bash.bat // 3:The system cannot find the path specified.
[2026-06-09 08:10:57.070] [global] [warning] [resolve_binary.cc:46] is_regular_file check failed for for C:\/usr/bin\bash // 3:The system cannot find the path specified.
[2026-06-09 08:10:57.070] [global] [warning] [resolve_binary.cc:46] is_regular_file check failed for for C:\/usr/bin\bash.exe // 3:The system cannot find the path specified.
[2026-06-09 08:23:15.373] [global] [info] [git_source_control.cc:517] Computing merge base between b801b553253eb37274c4620d7d966228524037f5 and 21c6480d30042b923418b3bdbac852d5746a96b9
[2026-06-09 08:23:15.373] [global] [info] [git_source_control.cc:519] Resolved divergent commit as cbfbf7a7de1b4008a503fe80ac360b62c5043800
[2026-06-09 08:23:15.573] [global] [info] [app_context.cc:392] TryGetTrunkConfigPb failed
[2026-06-09 08:23:15.573] [global] [info] [app_context.cc:392] TryGetTrunkConfigPb failed
[2026-06-09 08:23:15.576] [global] [info] [app_context.cc:392] TryGetTrunkConfigPb failed
[2026-06-09 08:23:15.578] [global] [info] [app_context.cc:392] TryGetTrunkConfigPb failed
[2026-06-09 08:23:29.692] [global] [info] [git_source_control.cc:517] Computing merge base between b801b553253eb37274c4620d7d966228524037f5 and 21c6480d30042b923418b3bdbac852d5746a96b9
[2026-06-09 08:23:29.692] [global] [info] [git_source_control.cc:519] Resolved divergent commit as cbfbf7a7de1b4008a503fe80ac360b62c5043800
[2026-06-09 08:23:29.702] [global] [info] [app_context.cc:392] TryGetTrunkConfigPb failed
[2026-06-09 08:23:29.702] [global] [info] [app_context.cc:392] TryGetTrunkConfigPb failed
[2026-06-09 08:23:29.706] [global] [info] [app_context.cc:392] TryGetTrunkConfigPb failed
[2026-06-09 08:23:29.708] [global] [info] [app_context.cc:392] TryGetTrunkConfigPb failed
[2026-06-09 08:28:51.651] [global] [info] [git_source_control.cc:517] Computing merge base between b801b553253eb37274c4620d7d966228524037f5 and 21c6480d30042b923418b3bdbac852d5746a96b9
[2026-06-09 08:28:51.651] [global] [info] [git_source_control.cc:519] Resolved divergent commit as cbfbf7a7de1b4008a503fe80ac360b62c5043800
[2026-06-09 08:28:51.659] [global] [info] [app_context.cc:392] TryGetTrunkConfigPb failed
[2026-06-09 08:28:51.659] [global] [info] [app_context.cc:392] TryGetTrunkConfigPb failed
[2026-06-09 08:28:51.662] [global] [info] [app_context.cc:392] TryGetTrunkConfigPb failed
[2026-06-09 08:28:51.666] [global] [info] [app_context.cc:392] TryGetTrunkConfigPb failed
[2026-06-09 08:28:52.259] [global] [info] [git_source_control.cc:517] Computing merge base between b801b553253eb37274c4620d7d966228524037f5 and 21c6480d30042b923418b3bdbac852d5746a96b9
[2026-06-09 08:28:52.259] [global] [info] [git_source_control.cc:519] Resolved divergent commit as cbfbf7a7de1b4008a503fe80ac360b62c5043800
[2026-06-09 08:28:52.264] [global] [info] [app_context.cc:392] TryGetTrunkConfigPb failed
[2026-06-09 08:28:52.265] [global] [info] [app_context.cc:392] TryGetTrunkConfigPb failed
[2026-06-09 08:28:52.267] [global] [info] [app_context.cc:392] TryGetTrunkConfigPb failed
[2026-06-09 08:28:52.277] [global] [info] [app_context.cc:392] TryGetTrunkConfigPb failed
[2026-06-09 08:28:55.192] [global] [info] [git_source_control.cc:517] Computing merge base between b801b553253eb37274c4620d7d966228524037f5 and 21c6480d30042b923418b3bdbac852d5746a96b9
[2026-06-09 08:28:55.192] [global] [info] [git_source_control.cc:519] Resolved divergent commit as cbfbf7a7de1b4008a503fe80ac360b62c5043800
[2026-06-09 08:28:55.198] [global] [info] [app_context.cc:392] TryGetTrunkConfigPb failed
[2026-06-09 08:28:55.198] [global] [info] [app_context.cc:392] TryGetTrunkConfigPb failed
[2026-06-09 08:28:55.206] [global] [info] [app_context.cc:392] TryGetTrunkConfigPb failed
[2026-06-09 08:28:55.209] [global] [info] [app_context.cc:392] TryGetTrunkConfigPb failed
[2026-06-09 08:29:09.137] [global] [info] [git_source_control.cc:517] Computing merge base between b801b553253eb37274c4620d7d966228524037f5 and 21c6480d30042b923418b3bdbac852d5746a96b9
[2026-06-09 08:29:09.137] [global] [info] [git_source_control.cc:519] Resolved divergent commit as cbfbf7a7de1b4008a503fe80ac360b62c5043800
[2026-06-09 08:29:09.140] [global] [info] [app_context.cc:392] TryGetTrunkConfigPb failed
[2026-06-09 08:29:09.141] [global] [info] [app_context.cc:392] TryGetTrunkConfigPb failed
[2026-06-09 08:29:09.143] [global] [info] [app_context.cc:392] TryGetTrunkConfigPb failed
[2026-06-09 08:29:09.146] [global] [info] [app_context.cc:392] TryGetTrunkConfigPb failed
[2026-06-09 08:29:22.556] [global] [info] [git_source_control.cc:517] Computing merge base between b801b553253eb37274c4620d7d966228524037f5 and 21c6480d30042b923418b3bdbac852d5746a96b9
[2026-06-09 08:29:22.556] [global] [info] [git_source_control.cc:519] Resolved divergent commit as cbfbf7a7de1b4008a503fe80ac360b62c5043800
[2026-06-09 08:29:22.560] [global] [info] [app_context.cc:392] TryGetTrunkConfigPb failed
[2026-06-09 08:29:22.560] [global] [info] [app_context.cc:392] TryGetTrunkConfigPb failed
[2026-06-09 08:29:22.566] [global] [info] [app_context.cc:392] TryGetTrunkConfigPb failed
[2026-06-09 08:29:22.568] [global] [info] [app_context.cc:392] TryGetTrunkConfigPb failed
[2026-06-09 08:38:05.194] [global] [info] [git_source_control.cc:517] Computing merge base between b801b553253eb37274c4620d7d966228524037f5 and 21c6480d30042b923418b3bdbac852d5746a96b9
[2026-06-09 08:38:05.196] [global] [info] [git_source_control.cc:519] Resolved divergent commit as cbfbf7a7de1b4008a503fe80ac360b62c5043800
[2026-06-09 08:38:05.204] [global] [info] [app_context.cc:392] TryGetTrunkConfigPb failed
[2026-06-09 08:38:05.204] [global] [info] [app_context.cc:392] TryGetTrunkConfigPb failed
[2026-06-09 08:38:05.208] [global] [info] [app_context.cc:392] TryGetTrunkConfigPb failed
[2026-06-09 08:38:05.211] [global] [info] [app_context.cc:392] TryGetTrunkConfigPb failed
[2026-06-09 08:38:16.174] [global] [info] [git_source_control.cc:517] Computing merge base between b801b553253eb37274c4620d7d966228524037f5 and 21c6480d30042b923418b3bdbac852d5746a96b9
[2026-06-09 08:38:16.174] [global] [info] [git_source_control.cc:519] Resolved divergent commit as cbfbf7a7de1b4008a503fe80ac360b62c5043800
[2026-06-09 08:38:16.178] [global] [info] [app_context.cc:392] TryGetTrunkConfigPb failed
[2026-06-09 08:38:16.178] [global] [info] [app_context.cc:392] TryGetTrunkConfigPb failed
[2026-06-09 08:38:16.184] [global] [info] [app_context.cc:392] TryGetTrunkConfigPb failed
[2026-06-09 08:38:16.193] [global] [info] [app_context.cc:392] TryGetTrunkConfigPb failed
[2026-06-09 08:38:29.194] [global] [info] [git_source_control.cc:517] Computing merge base between b801b553253eb37274c4620d7d966228524037f5 and 21c6480d30042b923418b3bdbac852d5746a96b9
[2026-06-09 08:38:29.194] [global] [info] [git_source_control.cc:519] Resolved divergent commit as cbfbf7a7de1b4008a503fe80ac360b62c5043800
[2026-06-09 08:38:29.201] [global] [info] [app_context.cc:392] TryGetTrunkConfigPb failed
[2026-06-09 08:38:29.201] [global] [info] [app_context.cc:392] TryGetTrunkConfigPb failed
[2026-06-09 08:38:29.204] [global] [info] [app_context.cc:392] TryGetTrunkConfigPb failed
[2026-06-09 08:38:29.207] [global] [info] [app_context.cc:392] TryGetTrunkConfigPb failed
[2026-06-09 08:38:47.954] [global] [info] [git_source_control.cc:517] Computing merge base between b801b553253eb37274c4620d7d966228524037f5 and 21c6480d30042b923418b3bdbac852d5746a96b9
[2026-06-09 08:38:47.954] [global] [info] [git_source_control.cc:519] Resolved divergent commit as cbfbf7a7de1b4008a503fe80ac360b62c5043800
[2026-06-09 08:38:47.968] [global] [info] [app_context.cc:392] TryGetTrunkConfigPb failed
[2026-06-09 08:38:47.968] [global] [info] [app_context.cc:392] TryGetTrunkConfigPb failed
[2026-06-09 08:38:47.981] [global] [info] [app_context.cc:392] TryGetTrunkConfigPb failed
[2026-06-09 08:38:47.985] [global] [info] [app_context.cc:392] TryGetTrunkConfigPb failed
[2026-06-09 08:39:33.759] [global] [info] [git_source_control.cc:517] Computing merge base between b801b553253eb37274c4620d7d966228524037f5 and 21c6480d30042b923418b3bdbac852d5746a96b9
[2026-06-09 08:39:33.759] [global] [info] [git_source_control.cc:519] Resolved divergent commit as cbfbf7a7de1b4008a503fe80ac360b62c5043800
[2026-06-09 08:39:33.765] [global] [info] [app_context.cc:392] TryGetTrunkConfigPb failed
[2026-06-09 08:39:33.766] [global] [info] [app_context.cc:392] TryGetTrunkConfigPb failed
[2026-06-09 08:39:33.770] [global] [info] [app_context.cc:392] TryGetTrunkConfigPb failed
[2026-06-09 08:39:33.773] [global] [info] [app_context.cc:392] TryGetTrunkConfigPb failed
[2026-06-09 08:39:35.102] [global] [info] [git_source_control.cc:517] Computing merge base between f133fcfd52abc063efd3667ff4c153bc412bcfc0 and 21c6480d30042b923418b3bdbac852d5746a96b9
[2026-06-09 08:39:35.323] [global] [info] [git_source_control.cc:519] Resolved divergent commit as cbfbf7a7de1b4008a503fe80ac360b62c5043800
[2026-06-09 08:39:35.328] [global] [info] [app_context.cc:392] TryGetTrunkConfigPb failed
[2026-06-09 08:39:35.328] [global] [info] [app_context.cc:392] TryGetTrunkConfigPb failed
[2026-06-09 08:39:35.335] [global] [info] [app_context.cc:392] TryGetTrunkConfigPb failed
[2026-06-09 08:39:35.339] [global] [info] [app_context.cc:392] TryGetTrunkConfigPb failed
[2026-06-09 08:39:36.445] [global] [info] [git_source_control.cc:517] Computing merge base between f133fcfd52abc063efd3667ff4c153bc412bcfc0 and 21c6480d30042b923418b3bdbac852d5746a96b9
[2026-06-09 08:39:36.445] [global] [info] [git_source_control.cc:519] Resolved divergent commit as cbfbf7a7de1b4008a503fe80ac360b62c5043800
[2026-06-09 08:39:36.452] [global] [info] [app_context.cc:392] TryGetTrunkConfigPb failed
[2026-06-09 08:39:36.452] [global] [info] [app_context.cc:392] TryGetTrunkConfigPb failed
[2026-06-09 08:39:36.455] [global] [info] [app_context.cc:392] TryGetTrunkConfigPb failed
[2026-06-09 08:39:36.458] [global] [info] [app_context.cc:392] TryGetTrunkConfigPb failed
[2026-06-09 08:39:44.635] [global] [info] [git_source_control.cc:517] Computing merge base between f133fcfd52abc063efd3667ff4c153bc412bcfc0 and 21c6480d30042b923418b3bdbac852d5746a96b9
[2026-06-09 08:39:44.636] [global] [info] [git_source_control.cc:519] Resolved divergent commit as cbfbf7a7de1b4008a503fe80ac360b62c5043800
[2026-06-09 08:39:44.640] [global] [info] [app_context.cc:392] TryGetTrunkConfigPb failed
[2026-06-09 08:39:44.640] [global] [info] [app_context.cc:392] TryGetTrunkConfigPb failed
[2026-06-09 08:39:44.643] [global] [info] [app_context.cc:392] TryGetTrunkConfigPb failed
[2026-06-09 08:39:44.649] [global] [info] [app_context.cc:392] TryGetTrunkConfigPb failed
[2026-06-09 08:39:45.951] [global] [info] [git_source_control.cc:517] Computing merge base between f133fcfd52abc063efd3667ff4c153bc412bcfc0 and 21c6480d30042b923418b3bdbac852d5746a96b9
[2026-06-09 08:39:45.951] [global] [info] [git_source_control.cc:519] Resolved divergent commit as cbfbf7a7de1b4008a503fe80ac360b62c5043800
[2026-06-09 08:39:45.958] [global] [info] [app_context.cc:392] TryGetTrunkConfigPb failed
[2026-06-09 08:39:45.958] [global] [info] [app_context.cc:392] TryGetTrunkConfigPb failed
[2026-06-09 08:39:45.964] [global] [info] [app_context.cc:392] TryGetTrunkConfigPb failed
[2026-06-09 08:39:45.968] [global] [info] [app_context.cc:392] TryGetTrunkConfigPb failed
[2026-06-09 08:39:52.966] [global] [info] [git_source_control.cc:517] Computing merge base between f133fcfd52abc063efd3667ff4c153bc412bcfc0 and 21c6480d30042b923418b3bdbac852d5746a96b9
[2026-06-09 08:39:52.966] [global] [info] [git_source_control.cc:519] Resolved divergent commit as cbfbf7a7de1b4008a503fe80ac360b62c5043800
[2026-06-09 08:39:52.981] [global] [info] [app_context.cc:392] TryGetTrunkConfigPb failed
[2026-06-09 08:39:52.981] [global] [info] [app_context.cc:392] TryGetTrunkConfigPb failed
[2026-06-09 08:39:52.984] [global] [info] [app_context.cc:392] TryGetTrunkConfigPb failed
[2026-06-09 08:39:52.994] [global] [info] [app_context.cc:392] TryGetTrunkConfigPb failed
[2026-06-09 08:39:54.898] [global] [info] [git_source_control.cc:517] Computing merge base between f133fcfd52abc063efd3667ff4c153bc412bcfc0 and 21c6480d30042b923418b3bdbac852d5746a96b9
[2026-06-09 08:39:54.899] [global] [info] [git_source_control.cc:519] Resolved divergent commit as cbfbf7a7de1b4008a503fe80ac360b62c5043800
[2026-06-09 08:39:54.903] [global] [info] [app_context.cc:392] TryGetTrunkConfigPb failed
[2026-06-09 08:39:54.903] [global] [info] [app_context.cc:392] TryGetTrunkConfigPb failed
[2026-06-09 08:39:54.906] [global] [info] [app_context.cc:392] TryGetTrunkConfigPb failed
[2026-06-09 08:39:54.910] [global] [info] [app_context.cc:392] TryGetTrunkConfigPb failed
[2026-06-09 08:39:56.536] [global] [info] [git_source_control.cc:517] Computing merge base between f133fcfd52abc063efd3667ff4c153bc412bcfc0 and 21c6480d30042b923418b3bdbac852d5746a96b9
[2026-06-09 08:39:56.536] [global] [info] [git_source_control.cc:519] Resolved divergent commit as cbfbf7a7de1b4008a503fe80ac360b62c5043800
[2026-06-09 08:39:56.545] [global] [info] [app_context.cc:392] TryGetTrunkConfigPb failed
[2026-06-09 08:39:56.545] [global] [info] [app_context.cc:392] TryGetTrunkConfigPb failed
[2026-06-09 08:39:56.547] [global] [info] [app_context.cc:392] TryGetTrunkConfigPb failed
[2026-06-09 08:39:56.552] [global] [info] [app_context.cc:392] TryGetTrunkConfigPb failed
[2026-06-09 08:40:00.562] [global] [info] [git_source_control.cc:517] Computing merge base between f133fcfd52abc063efd3667ff4c153bc412bcfc0 and 21c6480d30042b923418b3bdbac852d5746a96b9
[2026-06-09 08:40:00.562] [global] [info] [git_source_control.cc:519] Resolved divergent commit as cbfbf7a7de1b4008a503fe80ac360b62c5043800
[2026-06-09 08:40:00.566] [global] [info] [app_context.cc:392] TryGetTrunkConfigPb failed
[2026-06-09 08:40:00.566] [global] [info] [app_context.cc:392] TryGetTrunkConfigPb failed
[2026-06-09 08:40:00.569] [global] [info] [app_context.cc:392] TryGetTrunkConfigPb failed
[2026-06-09 08:40:00.572] [global] [info] [app_context.cc:392] TryGetTrunkConfigPb failed
[2026-06-09 08:40:01.572] [global] [info] [git_source_control.cc:517] Computing merge base between f133fcfd52abc063efd3667ff4c153bc412bcfc0 and 21c6480d30042b923418b3bdbac852d5746a96b9
[2026-06-09 08:40:01.572] [global] [info] [git_source_control.cc:519] Resolved divergent commit as cbfbf7a7de1b4008a503fe80ac360b62c5043800
[2026-06-09 08:40:01.578] [global] [info] [app_context.cc:392] TryGetTrunkConfigPb failed
[2026-06-09 08:40:01.579] [global] [info] [app_context.cc:392] TryGetTrunkConfigPb failed
[2026-06-09 08:40:01.584] [global] [info] [app_context.cc:392] TryGetTrunkConfigPb failed
[2026-06-09 08:40:01.588] [global] [info] [app_context.cc:392] TryGetTrunkConfigPb failed
[2026-06-09 08:40:15.785] [global] [info] [git_source_control.cc:517] Computing merge base between f133fcfd52abc063efd3667ff4c153bc412bcfc0 and 21c6480d30042b923418b3bdbac852d5746a96b9
[2026-06-09 08:40:15.785] [global] [info] [git_source_control.cc:519] Resolved divergent commit as cbfbf7a7de1b4008a503fe80ac360b62c5043800
[2026-06-09 08:40:15.793] [global] [info] [app_context.cc:392] TryGetTrunkConfigPb failed
[2026-06-09 08:40:15.793] [global] [info] [app_context.cc:392] TryGetTrunkConfigPb failed
[2026-06-09 08:40:15.796] [global] [info] [app_context.cc:392] TryGetTrunkConfigPb failed
[2026-06-09 08:40:15.800] [global] [info] [app_context.cc:392] TryGetTrunkConfigPb failed
[2026-06-09 08:40:21.137] [global] [info] [git_source_control.cc:517] Computing merge base between f133fcfd52abc063efd3667ff4c153bc412bcfc0 and 21c6480d30042b923418b3bdbac852d5746a96b9
[2026-06-09 08:40:21.137] [global] [info] [git_source_control.cc:519] Resolved divergent commit as cbfbf7a7de1b4008a503fe80ac360b62c5043800
[2026-06-09 08:40:21.141] [global] [info] [app_context.cc:392] TryGetTrunkConfigPb failed
[2026-06-09 08:40:21.142] [global] [info] [app_context.cc:392] TryGetTrunkConfigPb failed
[2026-06-09 08:40:21.145] [global] [info] [app_context.cc:392] TryGetTrunkConfigPb failed
[2026-06-09 08:40:21.149] [global] [info] [app_context.cc:392] TryGetTrunkConfigPb failed
[2026-06-09 08:40:28.665] [global] [info] [git_source_control.cc:517] Computing merge base between f133fcfd52abc063efd3667ff4c153bc412bcfc0 and 21c6480d30042b923418b3bdbac852d5746a96b9
[2026-06-09 08:40:28.665] [global] [info] [git_source_control.cc:519] Resolved divergent commit as cbfbf7a7de1b4008a503fe80ac360b62c5043800
[2026-06-09 08:40:28.672] [global] [info] [app_context.cc:392] TryGetTrunkConfigPb failed
[2026-06-09 08:40:28.672] [global] [info] [app_context.cc:392] TryGetTrunkConfigPb failed
[2026-06-09 08:40:28.675] [global] [info] [app_context.cc:392] TryGetTrunkConfigPb failed
[2026-06-09 08:40:28.678] [global] [info] [app_context.cc:392] TryGetTrunkConfigPb failed
[2026-06-09 08:40:29.695] [global] [info] [git_source_control.cc:517] Computing merge base between f133fcfd52abc063efd3667ff4c153bc412bcfc0 and 21c6480d30042b923418b3bdbac852d5746a96b9
[2026-06-09 08:40:29.695] [global] [info] [git_source_control.cc:519] Resolved divergent commit as cbfbf7a7de1b4008a503fe80ac360b62c5043800
[2026-06-09 08:40:29.727] [global] [info] [app_context.cc:392] TryGetTrunkConfigPb failed
[2026-06-09 08:40:29.727] [global] [info] [app_context.cc:392] TryGetTrunkConfigPb failed
[2026-06-09 08:40:29.730] [global] [info] [app_context.cc:392] TryGetTrunkConfigPb failed
